[{"model": "uswds_header.uswdsheader", "pk": 1, "fields": {"icon": null, "name": "USWDS Django-cms", "show_search": true, "search_placeholder": "Search...", "extended_header": false, "header_type": "default"}}, {"model": "uswds_header.uswdsheader", "pk": 7, "fields": {"icon": null, "name": "USWDS Django-cms", "show_search": true, "search_placeholder": "Search...", "extended_header": false, "header_type": "default"}}, {"model": "uswds_footer_social.sitefootersocialmodel", "pk": 5, "fields": {"agency_logo": null, "agency_name": "USWDS Django-cms", "facebook_url": "https://facebook.com", "twitter_url": "https://twitter.com", "youtube_url": "https://youtube.com", "instagram_url": "https://instagram.com", "rss_url": "https://google.com", "contact_title": "Agency Contact", "contact_phone_label": "555.555.5555", "contact_phone": "555-555-55555", "contact_email_label": "admin@agency.gov", "contact_email": "admin@agency.gov"}}, {"model": "uswds_footer_social.sitefootersocialmodel", "pk": 8, "fields": {"agency_logo": null, "agency_name": "USWDS Django-cms", "facebook_url": "https://facebook.com", "twitter_url": "https://twitter.com", "youtube_url": "https://youtube.com", "instagram_url": "https://instagram.com", "rss_url": "https://google.com", "contact_title": "Agency Contact", "contact_phone_label": "555.555.5555", "contact_phone": "555-555-55555", "contact_email_label": "admin@agency.gov", "contact_email": "admin@agency.gov"}}, {"model": "admin.logentry", "pk": 1, "fields": {"action_time": "2022-12-10T13:18:50.432Z", "user": 1, "content_type": 40, "object_id": "2", "object_repr": "Document", "action_flag": 1, "change_message": "[{\"added\": {}}]"}}, {"model": "admin.logentry", "pk": 2, "fields": {"action_time": "2022-12-10T13:44:31.794Z", "user": 1, "content_type": 40, "object_id": "2", "object_repr": "Document", "action_flag": 2, "change_message": "[{\"changed\": {\"fields\": [\"Template\", \"X Frame Options\"]}}]"}}, {"model": "admin.logentry", "pk": 3, "fields": {"action_time": "2022-12-10T17:08:11.806Z", "user": 1, "content_type": 40, "object_id": "3", "object_repr": "Basic Page", "action_flag": 1, "change_message": "[{\"added\": {}}]"}}, {"model": "admin.logentry", "pk": 4, "fields": {"action_time": "2022-12-10T17:14:08.042Z", "user": 1, "content_type": 40, "object_id": "3", "object_repr": "Basic Page", "action_flag": 2, "change_message": "[{\"changed\": {\"fields\": [\"Template\", \"X Frame Options\"]}}]"}}, {"model": "admin.logentry", "pk": 5, "fields": {"action_time": "2022-12-10T17:14:30.425Z", "user": 1, "content_type": 40, "object_id": "4", "object_repr": "Landing Page", "action_flag": 1, "change_message": "[{\"added\": {}}]"}}, {"model": "admin.logentry", "pk": 6, "fields": {"action_time": "2022-12-10T17:18:39.789Z", "user": 1, "content_type": 40, "object_id": "4", "object_repr": "Landing Page", "action_flag": 2, "change_message": "[{\"changed\": {\"fields\": [\"Template\", \"X Frame Options\"]}}]"}}, {"model": "admin.logentry", "pk": 7, "fields": {"action_time": "2022-12-10T17:22:03.791Z", "user": 1, "content_type": 2, "object_id": "5", "object_repr": "Home", "action_flag": 1, "change_message": "[{\"added\": {}}]"}}, {"model": "admin.logentry", "pk": 8, "fields": {"action_time": "2022-12-10T17:22:08.907Z", "user": 1, "content_type": 2, "object_id": "5", "object_repr": "Home", "action_flag": 2, "change_message": ""}}, {"model": "admin.logentry", "pk": 9, "fields": {"action_time": "2022-12-10T17:22:14.131Z", "user": 1, "content_type": 2, "object_id": "5", "object_repr": "Home", "action_flag": 2, "change_message": ""}}, {"model": "admin.logentry", "pk": 10, "fields": {"action_time": "2022-12-10T18:12:31.933Z", "user": 1, "content_type": 7, "object_id": "6", "object_repr": "dsdasdsad", "action_flag": 3, "change_message": ""}}, {"model": "admin.logentry", "pk": 11, "fields": {"action_time": "2022-12-10T18:31:50.662Z", "user": 1, "content_type": 2, "object_id": "5", "object_repr": "Home", "action_flag": 2, "change_message": ""}}, {"model": "admin.logentry", "pk": 12, "fields": {"action_time": "2022-12-10T18:34:58.965Z", "user": 1, "content_type": 28, "object_id": "1", "object_repr": "uswds-djangocms.lndo.site", "action_flag": 2, "change_message": "[{\"changed\": {\"fields\": [\"Domain name\", \"Display name\"]}}]"}}, {"model": "auth.permission", "pk": 1, "fields": {"name": "Can use Structure mode", "content_type": 1, "codename": "use_structure"}}, {"model": "auth.permission", "pk": 2, "fields": {"name": "Can change page", "content_type": 2, "codename": "change_page"}}, {"model": "auth.permission", "pk": 3, "fields": {"name": "Can add USWDS Hero", "content_type": 3, "codename": "add_uswdscard"}}, {"model": "auth.permission", "pk": 4, "fields": {"name": "Can change USWDS Hero", "content_type": 3, "codename": "change_uswdscard"}}, {"model": "auth.permission", "pk": 5, "fields": {"name": "Can delete USWDS Hero", "content_type": 3, "codename": "delete_uswdscard"}}, {"model": "auth.permission", "pk": 6, "fields": {"name": "Can view USWDS Hero", "content_type": 3, "codename": "view_uswdscard"}}, {"model": "auth.permission", "pk": 7, "fields": {"name": "Can add uswds flag card link", "content_type": 4, "codename": "add_uswdsflagcardlink"}}, {"model": "auth.permission", "pk": 8, "fields": {"name": "Can change uswds flag card link", "content_type": 4, "codename": "change_uswdsflagcardlink"}}, {"model": "auth.permission", "pk": 9, "fields": {"name": "Can delete uswds flag card link", "content_type": 4, "codename": "delete_uswdsflagcardlink"}}, {"model": "auth.permission", "pk": 10, "fields": {"name": "Can view uswds flag card link", "content_type": 4, "codename": "view_uswdsflagcardlink"}}, {"model": "auth.permission", "pk": 11, "fields": {"name": "Can add USWDS Hero", "content_type": 5, "codename": "add_uswdsflagcard"}}, {"model": "auth.permission", "pk": 12, "fields": {"name": "Can change USWDS Hero", "content_type": 5, "codename": "change_uswdsflagcard"}}, {"model": "auth.permission", "pk": 13, "fields": {"name": "Can delete USWDS Hero", "content_type": 5, "codename": "delete_uswdsflagcard"}}, {"model": "auth.permission", "pk": 14, "fields": {"name": "Can view USWDS Hero", "content_type": 5, "codename": "view_uswdsflagcard"}}, {"model": "auth.permission", "pk": 15, "fields": {"name": "Can add uswds card link", "content_type": 6, "codename": "add_uswdscardlink"}}, {"model": "auth.permission", "pk": 16, "fields": {"name": "Can change uswds card link", "content_type": 6, "codename": "change_uswdscardlink"}}, {"model": "auth.permission", "pk": 17, "fields": {"name": "Can delete uswds card link", "content_type": 6, "codename": "delete_uswdscardlink"}}, {"model": "auth.permission", "pk": 18, "fields": {"name": "Can view uswds card link", "content_type": 6, "codename": "view_uswdscardlink"}}, {"model": "auth.permission", "pk": 19, "fields": {"name": "Can add Card grid", "content_type": 7, "codename": "add_uswdscardgrid"}}, {"model": "auth.permission", "pk": 20, "fields": {"name": "Can change Card grid", "content_type": 7, "codename": "change_uswdscardgrid"}}, {"model": "auth.permission", "pk": 21, "fields": {"name": "Can delete Card grid", "content_type": 7, "codename": "delete_uswdscardgrid"}}, {"model": "auth.permission", "pk": 22, "fields": {"name": "Can view Card grid", "content_type": 7, "codename": "view_uswdscardgrid"}}, {"model": "auth.permission", "pk": 23, "fields": {"name": "Can add USWDS CTA Text", "content_type": 8, "codename": "add_uswdsctatext"}}, {"model": "auth.permission", "pk": 24, "fields": {"name": "Can change USWDS CTA Text", "content_type": 8, "codename": "change_uswdsctatext"}}, {"model": "auth.permission", "pk": 25, "fields": {"name": "Can delete USWDS CTA Text", "content_type": 8, "codename": "delete_uswdsctatext"}}, {"model": "auth.permission", "pk": 26, "fields": {"name": "Can view USWDS CTA Text", "content_type": 8, "codename": "view_uswdsctatext"}}, {"model": "auth.permission", "pk": 27, "fields": {"name": "Can add uswdscta text link", "content_type": 9, "codename": "add_uswdsctatextlink"}}, {"model": "auth.permission", "pk": 28, "fields": {"name": "Can change uswdscta text link", "content_type": 9, "codename": "change_uswdsctatextlink"}}, {"model": "auth.permission", "pk": 29, "fields": {"name": "Can delete uswdscta text link", "content_type": 9, "codename": "delete_uswdsctatextlink"}}, {"model": "auth.permission", "pk": 30, "fields": {"name": "Can view uswdscta text link", "content_type": 9, "codename": "view_uswdsctatextlink"}}, {"model": "auth.permission", "pk": 31, "fields": {"name": "Can add Graphic grid", "content_type": 10, "codename": "add_uswdsgraphicgrid"}}, {"model": "auth.permission", "pk": 32, "fields": {"name": "Can change Graphic grid", "content_type": 10, "codename": "change_uswdsgraphicgrid"}}, {"model": "auth.permission", "pk": 33, "fields": {"name": "Can delete Graphic grid", "content_type": 10, "codename": "delete_uswdsgraphicgrid"}}, {"model": "auth.permission", "pk": 34, "fields": {"name": "Can view Graphic grid", "content_type": 10, "codename": "view_uswdsgraphicgrid"}}, {"model": "auth.permission", "pk": 35, "fields": {"name": "Can add Graphic card", "content_type": 11, "codename": "add_uswdsgraphiccard"}}, {"model": "auth.permission", "pk": 36, "fields": {"name": "Can change Graphic card", "content_type": 11, "codename": "change_uswdsgraphiccard"}}, {"model": "auth.permission", "pk": 37, "fields": {"name": "Can delete Graphic card", "content_type": 11, "codename": "delete_uswdsgraphiccard"}}, {"model": "auth.permission", "pk": 38, "fields": {"name": "Can view Graphic card", "content_type": 11, "codename": "view_uswdsgraphiccard"}}, {"model": "auth.permission", "pk": 39, "fields": {"name": "Can add USWDS Hero", "content_type": 12, "codename": "add_uswdshero"}}, {"model": "auth.permission", "pk": 40, "fields": {"name": "Can change USWDS Hero", "content_type": 12, "codename": "change_uswdshero"}}, {"model": "auth.permission", "pk": 41, "fields": {"name": "Can delete USWDS Hero", "content_type": 12, "codename": "delete_uswdshero"}}, {"model": "auth.permission", "pk": 42, "fields": {"name": "Can view USWDS Hero", "content_type": 12, "codename": "view_uswdshero"}}, {"model": "auth.permission", "pk": 43, "fields": {"name": "Can add uswds hero link", "content_type": 13, "codename": "add_uswdsherolink"}}, {"model": "auth.permission", "pk": 44, "fields": {"name": "Can change uswds hero link", "content_type": 13, "codename": "change_uswdsherolink"}}, {"model": "auth.permission", "pk": 45, "fields": {"name": "Can delete uswds hero link", "content_type": 13, "codename": "delete_uswdsherolink"}}, {"model": "auth.permission", "pk": 46, "fields": {"name": "Can view uswds hero link", "content_type": 13, "codename": "view_uswdsherolink"}}, {"model": "auth.permission", "pk": 47, "fields": {"name": "Can add USWDS Header", "content_type": 14, "codename": "add_uswdsheader"}}, {"model": "auth.permission", "pk": 48, "fields": {"name": "Can change USWDS Header", "content_type": 14, "codename": "change_uswdsheader"}}, {"model": "auth.permission", "pk": 49, "fields": {"name": "Can delete USWDS Header", "content_type": 14, "codename": "delete_uswdsheader"}}, {"model": "auth.permission", "pk": 50, "fields": {"name": "Can view USWDS Header", "content_type": 14, "codename": "view_uswdsheader"}}, {"model": "auth.permission", "pk": 51, "fields": {"name": "Can add uswds action link", "content_type": 15, "codename": "add_uswdsactionlink"}}, {"model": "auth.permission", "pk": 52, "fields": {"name": "Can change uswds action link", "content_type": 15, "codename": "change_uswdsactionlink"}}, {"model": "auth.permission", "pk": 53, "fields": {"name": "Can delete uswds action link", "content_type": 15, "codename": "delete_uswdsactionlink"}}, {"model": "auth.permission", "pk": 54, "fields": {"name": "Can view uswds action link", "content_type": 15, "codename": "view_uswdsactionlink"}}, {"model": "auth.permission", "pk": 55, "fields": {"name": "Can add Site Footer - Agency", "content_type": 16, "codename": "add_sitefooteragencymodel"}}, {"model": "auth.permission", "pk": 56, "fields": {"name": "Can change Site Footer - Agency", "content_type": 16, "codename": "change_sitefooteragencymodel"}}, {"model": "auth.permission", "pk": 57, "fields": {"name": "Can delete Site Footer - Agency", "content_type": 16, "codename": "delete_sitefooteragencymodel"}}, {"model": "auth.permission", "pk": 58, "fields": {"name": "Can view Site Footer - Agency", "content_type": 16, "codename": "view_sitefooteragencymodel"}}, {"model": "auth.permission", "pk": 59, "fields": {"name": "Can add site footer agency menu links", "content_type": 17, "codename": "add_sitefooteragencymenulinks"}}, {"model": "auth.permission", "pk": 60, "fields": {"name": "Can change site footer agency menu links", "content_type": 17, "codename": "change_sitefooteragencymenulinks"}}, {"model": "auth.permission", "pk": 61, "fields": {"name": "Can delete site footer agency menu links", "content_type": 17, "codename": "delete_sitefooteragencymenulinks"}}, {"model": "auth.permission", "pk": 62, "fields": {"name": "Can view site footer agency menu links", "content_type": 17, "codename": "view_sitefooteragencymenulinks"}}, {"model": "auth.permission", "pk": 63, "fields": {"name": "Can add Site Footer - Ribbon", "content_type": 18, "codename": "add_sitefooterribbonlinks"}}, {"model": "auth.permission", "pk": 64, "fields": {"name": "Can change Site Footer - Ribbon", "content_type": 18, "codename": "change_sitefooterribbonlinks"}}, {"model": "auth.permission", "pk": 65, "fields": {"name": "Can delete Site Footer - Ribbon", "content_type": 18, "codename": "delete_sitefooterribbonlinks"}}, {"model": "auth.permission", "pk": 66, "fields": {"name": "Can view Site Footer - Ribbon", "content_type": 18, "codename": "view_sitefooterribbonlinks"}}, {"model": "auth.permission", "pk": 67, "fields": {"name": "Can add site footer ribbon link", "content_type": 19, "codename": "add_sitefooterribbonlink"}}, {"model": "auth.permission", "pk": 68, "fields": {"name": "Can change site footer ribbon link", "content_type": 19, "codename": "change_sitefooterribbonlink"}}, {"model": "auth.permission", "pk": 69, "fields": {"name": "Can delete site footer ribbon link", "content_type": 19, "codename": "delete_sitefooterribbonlink"}}, {"model": "auth.permission", "pk": 70, "fields": {"name": "Can view site footer ribbon link", "content_type": 19, "codename": "view_sitefooterribbonlink"}}, {"model": "auth.permission", "pk": 71, "fields": {"name": "Can add Site Footer - Agency", "content_type": 20, "codename": "add_sitefootersocialmodel"}}, {"model": "auth.permission", "pk": 72, "fields": {"name": "Can change Site Footer - Agency", "content_type": 20, "codename": "change_sitefootersocialmodel"}}, {"model": "auth.permission", "pk": 73, "fields": {"name": "Can delete Site Footer - Agency", "content_type": 20, "codename": "delete_sitefootersocialmodel"}}, {"model": "auth.permission", "pk": 74, "fields": {"name": "Can view Site Footer - Agency", "content_type": 20, "codename": "view_sitefootersocialmodel"}}, {"model": "auth.permission", "pk": 75, "fields": {"name": "Can add log entry", "content_type": 21, "codename": "add_logentry"}}, {"model": "auth.permission", "pk": 76, "fields": {"name": "Can change log entry", "content_type": 21, "codename": "change_logentry"}}, {"model": "auth.permission", "pk": 77, "fields": {"name": "Can delete log entry", "content_type": 21, "codename": "delete_logentry"}}, {"model": "auth.permission", "pk": 78, "fields": {"name": "Can view log entry", "content_type": 21, "codename": "view_logentry"}}, {"model": "auth.permission", "pk": 79, "fields": {"name": "Can add permission", "content_type": 22, "codename": "add_permission"}}, {"model": "auth.permission", "pk": 80, "fields": {"name": "Can change permission", "content_type": 22, "codename": "change_permission"}}, {"model": "auth.permission", "pk": 81, "fields": {"name": "Can delete permission", "content_type": 22, "codename": "delete_permission"}}, {"model": "auth.permission", "pk": 82, "fields": {"name": "Can view permission", "content_type": 22, "codename": "view_permission"}}, {"model": "auth.permission", "pk": 83, "fields": {"name": "Can add group", "content_type": 23, "codename": "add_group"}}, {"model": "auth.permission", "pk": 84, "fields": {"name": "Can change group", "content_type": 23, "codename": "change_group"}}, {"model": "auth.permission", "pk": 85, "fields": {"name": "Can delete group", "content_type": 23, "codename": "delete_group"}}, {"model": "auth.permission", "pk": 86, "fields": {"name": "Can view group", "content_type": 23, "codename": "view_group"}}, {"model": "auth.permission", "pk": 87, "fields": {"name": "Can add user", "content_type": 24, "codename": "add_user"}}, {"model": "auth.permission", "pk": 88, "fields": {"name": "Can change user", "content_type": 24, "codename": "change_user"}}, {"model": "auth.permission", "pk": 89, "fields": {"name": "Can delete user", "content_type": 24, "codename": "delete_user"}}, {"model": "auth.permission", "pk": 90, "fields": {"name": "Can view user", "content_type": 24, "codename": "view_user"}}, {"model": "auth.permission", "pk": 91, "fields": {"name": "Can add content type", "content_type": 25, "codename": "add_contenttype"}}, {"model": "auth.permission", "pk": 92, "fields": {"name": "Can change content type", "content_type": 25, "codename": "change_contenttype"}}, {"model": "auth.permission", "pk": 93, "fields": {"name": "Can delete content type", "content_type": 25, "codename": "delete_contenttype"}}, {"model": "auth.permission", "pk": 94, "fields": {"name": "Can view content type", "content_type": 25, "codename": "view_contenttype"}}, {"model": "auth.permission", "pk": 95, "fields": {"name": "Can add flat page", "content_type": 26, "codename": "add_flatpage"}}, {"model": "auth.permission", "pk": 96, "fields": {"name": "Can change flat page", "content_type": 26, "codename": "change_flatpage"}}, {"model": "auth.permission", "pk": 97, "fields": {"name": "Can delete flat page", "content_type": 26, "codename": "delete_flatpage"}}, {"model": "auth.permission", "pk": 98, "fields": {"name": "Can view flat page", "content_type": 26, "codename": "view_flatpage"}}, {"model": "auth.permission", "pk": 99, "fields": {"name": "Can add session", "content_type": 27, "codename": "add_session"}}, {"model": "auth.permission", "pk": 100, "fields": {"name": "Can change session", "content_type": 27, "codename": "change_session"}}, {"model": "auth.permission", "pk": 101, "fields": {"name": "Can delete session", "content_type": 27, "codename": "delete_session"}}, {"model": "auth.permission", "pk": 102, "fields": {"name": "Can view session", "content_type": 27, "codename": "view_session"}}, {"model": "auth.permission", "pk": 103, "fields": {"name": "Can add site", "content_type": 28, "codename": "add_site"}}, {"model": "auth.permission", "pk": 104, "fields": {"name": "Can change site", "content_type": 28, "codename": "change_site"}}, {"model": "auth.permission", "pk": 105, "fields": {"name": "Can delete site", "content_type": 28, "codename": "delete_site"}}, {"model": "auth.permission", "pk": 106, "fields": {"name": "Can view site", "content_type": 28, "codename": "view_site"}}, {"model": "auth.permission", "pk": 107, "fields": {"name": "Can add cms plugin", "content_type": 29, "codename": "add_cmsplugin"}}, {"model": "auth.permission", "pk": 108, "fields": {"name": "Can change cms plugin", "content_type": 29, "codename": "change_cmsplugin"}}, {"model": "auth.permission", "pk": 109, "fields": {"name": "Can delete cms plugin", "content_type": 29, "codename": "delete_cmsplugin"}}, {"model": "auth.permission", "pk": 110, "fields": {"name": "Can view cms plugin", "content_type": 29, "codename": "view_cmsplugin"}}, {"model": "auth.permission", "pk": 111, "fields": {"name": "Can add alias plugin model", "content_type": 30, "codename": "add_aliaspluginmodel"}}, {"model": "auth.permission", "pk": 112, "fields": {"name": "Can change alias plugin model", "content_type": 30, "codename": "change_aliaspluginmodel"}}, {"model": "auth.permission", "pk": 113, "fields": {"name": "Can delete alias plugin model", "content_type": 30, "codename": "delete_aliaspluginmodel"}}, {"model": "auth.permission", "pk": 114, "fields": {"name": "Can view alias plugin model", "content_type": 30, "codename": "view_aliaspluginmodel"}}, {"model": "auth.permission", "pk": 115, "fields": {"name": "Can add Page global permission", "content_type": 31, "codename": "add_globalpagepermission"}}, {"model": "auth.permission", "pk": 116, "fields": {"name": "Can change Page global permission", "content_type": 31, "codename": "change_globalpagepermission"}}, {"model": "auth.permission", "pk": 117, "fields": {"name": "Can delete Page global permission", "content_type": 31, "codename": "delete_globalpagepermission"}}, {"model": "auth.permission", "pk": 118, "fields": {"name": "Can view Page global permission", "content_type": 31, "codename": "view_globalpagepermission"}}, {"model": "auth.permission", "pk": 119, "fields": {"name": "Can add page", "content_type": 2, "codename": "add_page"}}, {"model": "auth.permission", "pk": 120, "fields": {"name": "Can delete page", "content_type": 2, "codename": "delete_page"}}, {"model": "auth.permission", "pk": 121, "fields": {"name": "Can view page", "content_type": 2, "codename": "view_page"}}, {"model": "auth.permission", "pk": 122, "fields": {"name": "Can publish page", "content_type": 2, "codename": "publish_page"}}, {"model": "auth.permission", "pk": 123, "fields": {"name": "Can edit static placeholders", "content_type": 2, "codename": "edit_static_placeholder"}}, {"model": "auth.permission", "pk": 124, "fields": {"name": "Can add Page permission", "content_type": 32, "codename": "add_pagepermission"}}, {"model": "auth.permission", "pk": 125, "fields": {"name": "Can change Page permission", "content_type": 32, "codename": "change_pagepermission"}}, {"model": "auth.permission", "pk": 126, "fields": {"name": "Can delete Page permission", "content_type": 32, "codename": "delete_pagepermission"}}, {"model": "auth.permission", "pk": 127, "fields": {"name": "Can view Page permission", "content_type": 32, "codename": "view_pagepermission"}}, {"model": "auth.permission", "pk": 128, "fields": {"name": "Can add User (page)", "content_type": 33, "codename": "add_pageuser"}}, {"model": "auth.permission", "pk": 129, "fields": {"name": "Can change User (page)", "content_type": 33, "codename": "change_pageuser"}}, {"model": "auth.permission", "pk": 130, "fields": {"name": "Can delete User (page)", "content_type": 33, "codename": "delete_pageuser"}}, {"model": "auth.permission", "pk": 131, "fields": {"name": "Can view User (page)", "content_type": 33, "codename": "view_pageuser"}}, {"model": "auth.permission", "pk": 132, "fields": {"name": "Can add User group (page)", "content_type": 34, "codename": "add_pageusergroup"}}, {"model": "auth.permission", "pk": 133, "fields": {"name": "Can change User group (page)", "content_type": 34, "codename": "change_pageusergroup"}}, {"model": "auth.permission", "pk": 134, "fields": {"name": "Can delete User group (page)", "content_type": 34, "codename": "delete_pageusergroup"}}, {"model": "auth.permission", "pk": 135, "fields": {"name": "Can view User group (page)", "content_type": 34, "codename": "view_pageusergroup"}}, {"model": "auth.permission", "pk": 136, "fields": {"name": "Can add placeholder", "content_type": 1, "codename": "add_placeholder"}}, {"model": "auth.permission", "pk": 137, "fields": {"name": "Can change placeholder", "content_type": 1, "codename": "change_placeholder"}}, {"model": "auth.permission", "pk": 138, "fields": {"name": "Can delete placeholder", "content_type": 1, "codename": "delete_placeholder"}}, {"model": "auth.permission", "pk": 139, "fields": {"name": "Can view placeholder", "content_type": 1, "codename": "view_placeholder"}}, {"model": "auth.permission", "pk": 140, "fields": {"name": "Can add placeholder reference", "content_type": 35, "codename": "add_placeholderreference"}}, {"model": "auth.permission", "pk": 141, "fields": {"name": "Can change placeholder reference", "content_type": 35, "codename": "change_placeholderreference"}}, {"model": "auth.permission", "pk": 142, "fields": {"name": "Can delete placeholder reference", "content_type": 35, "codename": "delete_placeholderreference"}}, {"model": "auth.permission", "pk": 143, "fields": {"name": "Can view placeholder reference", "content_type": 35, "codename": "view_placeholderreference"}}, {"model": "auth.permission", "pk": 144, "fields": {"name": "Can add static placeholder", "content_type": 36, "codename": "add_staticplaceholder"}}, {"model": "auth.permission", "pk": 145, "fields": {"name": "Can change static placeholder", "content_type": 36, "codename": "change_staticplaceholder"}}, {"model": "auth.permission", "pk": 146, "fields": {"name": "Can delete static placeholder", "content_type": 36, "codename": "delete_staticplaceholder"}}, {"model": "auth.permission", "pk": 147, "fields": {"name": "Can view static placeholder", "content_type": 36, "codename": "view_staticplaceholder"}}, {"model": "auth.permission", "pk": 148, "fields": {"name": "Can add title", "content_type": 37, "codename": "add_title"}}, {"model": "auth.permission", "pk": 149, "fields": {"name": "Can change title", "content_type": 37, "codename": "change_title"}}, {"model": "auth.permission", "pk": 150, "fields": {"name": "Can delete title", "content_type": 37, "codename": "delete_title"}}, {"model": "auth.permission", "pk": 151, "fields": {"name": "Can view title", "content_type": 37, "codename": "view_title"}}, {"model": "auth.permission", "pk": 152, "fields": {"name": "Can add user setting", "content_type": 38, "codename": "add_usersettings"}}, {"model": "auth.permission", "pk": 153, "fields": {"name": "Can change user setting", "content_type": 38, "codename": "change_usersettings"}}, {"model": "auth.permission", "pk": 154, "fields": {"name": "Can delete user setting", "content_type": 38, "codename": "delete_usersettings"}}, {"model": "auth.permission", "pk": 155, "fields": {"name": "Can view user setting", "content_type": 38, "codename": "view_usersettings"}}, {"model": "auth.permission", "pk": 156, "fields": {"name": "Can add urlconf revision", "content_type": 39, "codename": "add_urlconfrevision"}}, {"model": "auth.permission", "pk": 157, "fields": {"name": "Can change urlconf revision", "content_type": 39, "codename": "change_urlconfrevision"}}, {"model": "auth.permission", "pk": 158, "fields": {"name": "Can delete urlconf revision", "content_type": 39, "codename": "delete_urlconfrevision"}}, {"model": "auth.permission", "pk": 159, "fields": {"name": "Can view urlconf revision", "content_type": 39, "codename": "view_urlconfrevision"}}, {"model": "auth.permission", "pk": 160, "fields": {"name": "Can add UI item", "content_type": 42, "codename": "add_frontenduiitem"}}, {"model": "auth.permission", "pk": 161, "fields": {"name": "Can change UI item", "content_type": 42, "codename": "change_frontenduiitem"}}, {"model": "auth.permission", "pk": 162, "fields": {"name": "Can delete UI item", "content_type": 42, "codename": "delete_frontenduiitem"}}, {"model": "auth.permission", "pk": 163, "fields": {"name": "Can view UI item", "content_type": 42, "codename": "view_frontenduiitem"}}, {"model": "auth.permission", "pk": 164, "fields": {"name": "Can add text", "content_type": 43, "codename": "add_text"}}, {"model": "auth.permission", "pk": 165, "fields": {"name": "Can change text", "content_type": 43, "codename": "change_text"}}, {"model": "auth.permission", "pk": 166, "fields": {"name": "Can delete text", "content_type": 43, "codename": "delete_text"}}, {"model": "auth.permission", "pk": 167, "fields": {"name": "Can view text", "content_type": 43, "codename": "view_text"}}, {"model": "auth.permission", "pk": 168, "fields": {"name": "Can add source", "content_type": 44, "codename": "add_source"}}, {"model": "auth.permission", "pk": 169, "fields": {"name": "Can change source", "content_type": 44, "codename": "change_source"}}, {"model": "auth.permission", "pk": 170, "fields": {"name": "Can delete source", "content_type": 44, "codename": "delete_source"}}, {"model": "auth.permission", "pk": 171, "fields": {"name": "Can view source", "content_type": 44, "codename": "view_source"}}, {"model": "auth.permission", "pk": 172, "fields": {"name": "Can add thumbnail", "content_type": 45, "codename": "add_thumbnail"}}, {"model": "auth.permission", "pk": 173, "fields": {"name": "Can change thumbnail", "content_type": 45, "codename": "change_thumbnail"}}, {"model": "auth.permission", "pk": 174, "fields": {"name": "Can delete thumbnail", "content_type": 45, "codename": "delete_thumbnail"}}, {"model": "auth.permission", "pk": 175, "fields": {"name": "Can view thumbnail", "content_type": 45, "codename": "view_thumbnail"}}, {"model": "auth.permission", "pk": 176, "fields": {"name": "Can add thumbnail dimensions", "content_type": 46, "codename": "add_thumbnaildimensions"}}, {"model": "auth.permission", "pk": 177, "fields": {"name": "Can change thumbnail dimensions", "content_type": 46, "codename": "change_thumbnaildimensions"}}, {"model": "auth.permission", "pk": 178, "fields": {"name": "Can delete thumbnail dimensions", "content_type": 46, "codename": "delete_thumbnaildimensions"}}, {"model": "auth.permission", "pk": 179, "fields": {"name": "Can view thumbnail dimensions", "content_type": 46, "codename": "view_thumbnaildimensions"}}, {"model": "auth.permission", "pk": 180, "fields": {"name": "Can add clipboard", "content_type": 47, "codename": "add_clipboard"}}, {"model": "auth.permission", "pk": 181, "fields": {"name": "Can change clipboard", "content_type": 47, "codename": "change_clipboard"}}, {"model": "auth.permission", "pk": 182, "fields": {"name": "Can delete clipboard", "content_type": 47, "codename": "delete_clipboard"}}, {"model": "auth.permission", "pk": 183, "fields": {"name": "Can view clipboard", "content_type": 47, "codename": "view_clipboard"}}, {"model": "auth.permission", "pk": 184, "fields": {"name": "Can add clipboard item", "content_type": 48, "codename": "add_clipboarditem"}}, {"model": "auth.permission", "pk": 185, "fields": {"name": "Can change clipboard item", "content_type": 48, "codename": "change_clipboarditem"}}, {"model": "auth.permission", "pk": 186, "fields": {"name": "Can delete clipboard item", "content_type": 48, "codename": "delete_clipboarditem"}}, {"model": "auth.permission", "pk": 187, "fields": {"name": "Can view clipboard item", "content_type": 48, "codename": "view_clipboarditem"}}, {"model": "auth.permission", "pk": 188, "fields": {"name": "Can add file", "content_type": 49, "codename": "add_file"}}, {"model": "auth.permission", "pk": 189, "fields": {"name": "Can change file", "content_type": 49, "codename": "change_file"}}, {"model": "auth.permission", "pk": 190, "fields": {"name": "Can delete file", "content_type": 49, "codename": "delete_file"}}, {"model": "auth.permission", "pk": 191, "fields": {"name": "Can view file", "content_type": 49, "codename": "view_file"}}, {"model": "auth.permission", "pk": 192, "fields": {"name": "Can add Folder", "content_type": 50, "codename": "add_folder"}}, {"model": "auth.permission", "pk": 193, "fields": {"name": "Can change Folder", "content_type": 50, "codename": "change_folder"}}, {"model": "auth.permission", "pk": 194, "fields": {"name": "Can delete Folder", "content_type": 50, "codename": "delete_folder"}}, {"model": "auth.permission", "pk": 195, "fields": {"name": "Can view Folder", "content_type": 50, "codename": "view_folder"}}, {"model": "auth.permission", "pk": 196, "fields": {"name": "Can use directory listing", "content_type": 50, "codename": "can_use_directory_listing"}}, {"model": "auth.permission", "pk": 197, "fields": {"name": "Can add folder permission", "content_type": 51, "codename": "add_folderpermission"}}, {"model": "auth.permission", "pk": 198, "fields": {"name": "Can change folder permission", "content_type": 51, "codename": "change_folderpermission"}}, {"model": "auth.permission", "pk": 199, "fields": {"name": "Can delete folder permission", "content_type": 51, "codename": "delete_folderpermission"}}, {"model": "auth.permission", "pk": 200, "fields": {"name": "Can view folder permission", "content_type": 51, "codename": "view_folderpermission"}}, {"model": "auth.permission", "pk": 201, "fields": {"name": "Can add image", "content_type": 52, "codename": "add_image"}}, {"model": "auth.permission", "pk": 202, "fields": {"name": "Can change image", "content_type": 52, "codename": "change_image"}}, {"model": "auth.permission", "pk": 203, "fields": {"name": "Can delete image", "content_type": 52, "codename": "delete_image"}}, {"model": "auth.permission", "pk": 204, "fields": {"name": "Can view image", "content_type": 52, "codename": "view_image"}}, {"model": "auth.permission", "pk": 205, "fields": {"name": "Can add thumbnail option", "content_type": 53, "codename": "add_thumbnailoption"}}, {"model": "auth.permission", "pk": 206, "fields": {"name": "Can change thumbnail option", "content_type": 53, "codename": "change_thumbnailoption"}}, {"model": "auth.permission", "pk": 207, "fields": {"name": "Can delete thumbnail option", "content_type": 53, "codename": "delete_thumbnailoption"}}, {"model": "auth.permission", "pk": 208, "fields": {"name": "Can view thumbnail option", "content_type": 53, "codename": "view_thumbnailoption"}}, {"model": "auth.permission", "pk": 209, "fields": {"name": "Can add cache key", "content_type": 54, "codename": "add_cachekey"}}, {"model": "auth.permission", "pk": 210, "fields": {"name": "Can change cache key", "content_type": 54, "codename": "change_cachekey"}}, {"model": "auth.permission", "pk": 211, "fields": {"name": "Can delete cache key", "content_type": 54, "codename": "delete_cachekey"}}, {"model": "auth.permission", "pk": 212, "fields": {"name": "Can view cache key", "content_type": 54, "codename": "view_cachekey"}}, {"model": "auth.user", "pk": 1, "fields": {"password": "pbkdf2_sha256$260000$9hK7cax633mNKJc5e7uSmc$REPpDc6rVQ2hF/HiDXcsxUMsEk7Fp+UdEOmfOKOqQso=", "last_login": "2022-12-10T13:15:34.310Z", "is_superuser": true, "username": "admin", "first_name": "", "last_name": "", "email": "admin@admin.com", "is_staff": true, "is_active": true, "date_joined": "2022-12-10T13:14:00.918Z", "groups": [], "user_permissions": []}}, {"model": "contenttypes.contenttype", "pk": 1, "fields": {"app_label": "cms", "model": "placeholder"}}, {"model": "contenttypes.contenttype", "pk": 2, "fields": {"app_label": "cms", "model": "page"}}, {"model": "contenttypes.contenttype", "pk": 3, "fields": {"app_label": "uswds_cards", "model": "uswdscard"}}, {"model": "contenttypes.contenttype", "pk": 4, "fields": {"app_label": "uswds_cards", "model": "uswdsflagcardlink"}}, {"model": "contenttypes.contenttype", "pk": 5, "fields": {"app_label": "uswds_cards", "model": "uswdsflagcard"}}, {"model": "contenttypes.contenttype", "pk": 6, "fields": {"app_label": "uswds_cards", "model": "uswdscardlink"}}, {"model": "contenttypes.contenttype", "pk": 7, "fields": {"app_label": "uswds_cards", "model": "uswdscardgrid"}}, {"model": "contenttypes.contenttype", "pk": 8, "fields": {"app_label": "uswds_cta", "model": "uswdsctatext"}}, {"model": "contenttypes.contenttype", "pk": 9, "fields": {"app_label": "uswds_cta", "model": "uswdsctatextlink"}}, {"model": "contenttypes.contenttype", "pk": 10, "fields": {"app_label": "uswds_graphic_list", "model": "uswdsgraphicgrid"}}, {"model": "contenttypes.contenttype", "pk": 11, "fields": {"app_label": "uswds_graphic_list", "model": "uswdsgraphiccard"}}, {"model": "contenttypes.contenttype", "pk": 12, "fields": {"app_label": "uswds_hero", "model": "uswdshero"}}, {"model": "contenttypes.contenttype", "pk": 13, "fields": {"app_label": "uswds_hero", "model": "uswdsherolink"}}, {"model": "contenttypes.contenttype", "pk": 14, "fields": {"app_label": "uswds_header", "model": "uswdsheader"}}, {"model": "contenttypes.contenttype", "pk": 15, "fields": {"app_label": "uswds_header", "model": "uswdsactionlink"}}, {"model": "contenttypes.contenttype", "pk": 16, "fields": {"app_label": "uswds_footer_agency", "model": "sitefooteragencymodel"}}, {"model": "contenttypes.contenttype", "pk": 17, "fields": {"app_label": "uswds_footer_agency", "model": "sitefooteragencymenulinks"}}, {"model": "contenttypes.contenttype", "pk": 18, "fields": {"app_label": "uswds_footer_ribbon", "model": "sitefooterribbonlinks"}}, {"model": "contenttypes.contenttype", "pk": 19, "fields": {"app_label": "uswds_footer_ribbon", "model": "sitefooterribbonlink"}}, {"model": "contenttypes.contenttype", "pk": 20, "fields": {"app_label": "uswds_footer_social", "model": "sitefootersocialmodel"}}, {"model": "contenttypes.contenttype", "pk": 21, "fields": {"app_label": "admin", "model": "logentry"}}, {"model": "contenttypes.contenttype", "pk": 22, "fields": {"app_label": "auth", "model": "permission"}}, {"model": "contenttypes.contenttype", "pk": 23, "fields": {"app_label": "auth", "model": "group"}}, {"model": "contenttypes.contenttype", "pk": 24, "fields": {"app_label": "auth", "model": "user"}}, {"model": "contenttypes.contenttype", "pk": 25, "fields": {"app_label": "contenttypes", "model": "contenttype"}}, {"model": "contenttypes.contenttype", "pk": 26, "fields": {"app_label": "flatpages", "model": "flatpage"}}, {"model": "contenttypes.contenttype", "pk": 27, "fields": {"app_label": "sessions", "model": "session"}}, {"model": "contenttypes.contenttype", "pk": 28, "fields": {"app_label": "sites", "model": "site"}}, {"model": "contenttypes.contenttype", "pk": 29, "fields": {"app_label": "cms", "model": "cmsplugin"}}, {"model": "contenttypes.contenttype", "pk": 30, "fields": {"app_label": "cms", "model": "aliaspluginmodel"}}, {"model": "contenttypes.contenttype", "pk": 31, "fields": {"app_label": "cms", "model": "globalpagepermission"}}, {"model": "contenttypes.contenttype", "pk": 32, "fields": {"app_label": "cms", "model": "pagepermission"}}, {"model": "contenttypes.contenttype", "pk": 33, "fields": {"app_label": "cms", "model": "pageuser"}}, {"model": "contenttypes.contenttype", "pk": 34, "fields": {"app_label": "cms", "model": "pageusergroup"}}, {"model": "contenttypes.contenttype", "pk": 35, "fields": {"app_label": "cms", "model": "placeholderreference"}}, {"model": "contenttypes.contenttype", "pk": 36, "fields": {"app_label": "cms", "model": "staticplaceholder"}}, {"model": "contenttypes.contenttype", "pk": 37, "fields": {"app_label": "cms", "model": "title"}}, {"model": "contenttypes.contenttype", "pk": 38, "fields": {"app_label": "cms", "model": "usersettings"}}, {"model": "contenttypes.contenttype", "pk": 39, "fields": {"app_label": "cms", "model": "urlconfrevision"}}, {"model": "contenttypes.contenttype", "pk": 40, "fields": {"app_label": "cms", "model": "pagetype"}}, {"model": "contenttypes.contenttype", "pk": 41, "fields": {"app_label": "cms", "model": "treenode"}}, {"model": "contenttypes.contenttype", "pk": 42, "fields": {"app_label": "djangocms_frontend", "model": "frontenduiitem"}}, {"model": "contenttypes.contenttype", "pk": 43, "fields": {"app_label": "djangocms_text_ckeditor", "model": "text"}}, {"model": "contenttypes.contenttype", "pk": 44, "fields": {"app_label": "easy_thumbnails", "model": "source"}}, {"model": "contenttypes.contenttype", "pk": 45, "fields": {"app_label": "easy_thumbnails", "model": "thumbnail"}}, {"model": "contenttypes.contenttype", "pk": 46, "fields": {"app_label": "easy_thumbnails", "model": "thumbnaildimensions"}}, {"model": "contenttypes.contenttype", "pk": 47, "fields": {"app_label": "filer", "model": "clipboard"}}, {"model": "contenttypes.contenttype", "pk": 48, "fields": {"app_label": "filer", "model": "clipboarditem"}}, {"model": "contenttypes.contenttype", "pk": 49, "fields": {"app_label": "filer", "model": "file"}}, {"model": "contenttypes.contenttype", "pk": 50, "fields": {"app_label": "filer", "model": "folder"}}, {"model": "contenttypes.contenttype", "pk": 51, "fields": {"app_label": "filer", "model": "folderpermission"}}, {"model": "contenttypes.contenttype", "pk": 52, "fields": {"app_label": "filer", "model": "image"}}, {"model": "contenttypes.contenttype", "pk": 53, "fields": {"app_label": "filer", "model": "thumbnailoption"}}, {"model": "contenttypes.contenttype", "pk": 54, "fields": {"app_label": "menus", "model": "cachekey"}}, {"model": "sessions.session", "pk": "e75jrpcwk6fx8il5s6h455g0doj25vpt", "fields": {"session_data": ".eJxVUV1P3DAQ_C9-hpMTX77ukSIhWvF1UqtShKy1d50YQpLaDkeL7r_X5gKiL7ZndnY1s35lEubQydmTkxbZhmXs6DOnQD_SkAr4AEM7rvQ4BGfVKklWS9WvLkak_mTR_jegA9_FblBYNmBEQ7gueFULyHijFK-bqsIcDS8jznMtKq2FqFRWaFEWjciFFjpf13GofvIyjGOvwEm0HlRP0ZeB3tOhSGgD2wQ3L3hy9Gxp96HZ2b_gUC6XdgSB5EHxynygaYmfnhIhQOJ5OrR35ski9rQDR2GMMdnmjt2WU361HuqTEm9-Ync68nNe_bj-3V7CvNt2X27Ovt6G6-4y1NuHbRG2vwpRfntpz93Uhufi-8zuP0x9cnOsZ-doCPJg6S5aiDp-PEFLCeYH2MfvmBcq2nnjYpf7k4gqAwKoYW0EoSpMxo2qADLkYHQNOot_UGQlsPv9fglsbE_-PXFi6SU4eN9DIuzQ24He1myHdlnr_h9ixcHW:1p44hW:H7wQ8gQ38T_f2v4qGRAazw2NXcCnUnoX8aDsH4imZQw", "expire_date": "2022-12-10T22:35:54.712Z"}}, {"model": "sites.site", "pk": 1, "fields": {"domain": "uswds-djangocms.lndo.site", "name": "uswds-djangocms"}}, {"model": "cms.usersettings", "pk": 1, "fields": {"user": 1, "language": "en", "clipboard": 1}}, {"model": "cms.treenode", "pk": 1, "fields": {"path": "0001", "depth": 1, "numchild": 3, "parent": null, "site": 1}}, {"model": "cms.treenode", "pk": 2, "fields": {"path": "00010003", "depth": 2, "numchild": 0, "parent": 1, "site": 1}}, {"model": "cms.treenode", "pk": 3, "fields": {"path": "00010001", "depth": 2, "numchild": 0, "parent": 1, "site": 1}}, {"model": "cms.treenode", "pk": 4, "fields": {"path": "00010002", "depth": 2, "numchild": 0, "parent": 1, "site": 1}}, {"model": "cms.treenode", "pk": 5, "fields": {"path": "0002", "depth": 1, "numchild": 0, "parent": null, "site": 1}}, {"model": "cms.page", "pk": 1, "fields": {"created_by": "admin", "changed_by": "admin", "creation_date": "2022-12-10T13:18:50.381Z", "changed_date": "2022-12-10T13:18:50.381Z", "publication_date": null, "publication_end_date": null, "in_navigation": false, "soft_root": false, "reverse_id": null, "navigation_extenders": null, "template": "INHERIT", "login_required": false, "limit_visibility_in_menu": null, "is_home": false, "application_urls": null, "application_namespace": null, "publisher_is_draft": true, "publisher_public": null, "languages": "en", "xframe_options": 0, "is_page_type": true, "node": 1, "placeholders": [11]}}, {"model": "cms.page", "pk": 2, "fields": {"created_by": "admin", "changed_by": "admin", "creation_date": "2022-12-10T13:18:50.403Z", "changed_date": "2022-12-10T17:17:45.909Z", "publication_date": null, "publication_end_date": null, "in_navigation": false, "soft_root": false, "reverse_id": null, "navigation_extenders": null, "template": "page__document.html", "login_required": false, "limit_visibility_in_menu": null, "is_home": false, "application_urls": "", "application_namespace": null, "publisher_is_draft": true, "publisher_public": null, "languages": "en", "xframe_options": 0, "is_page_type": true, "node": 2, "placeholders": [2]}}, {"model": "cms.page", "pk": 3, "fields": {"created_by": "admin", "changed_by": "admin", "creation_date": "2022-12-10T17:08:11.786Z", "changed_date": "2022-12-10T17:14:08.040Z", "publication_date": null, "publication_end_date": null, "in_navigation": false, "soft_root": false, "reverse_id": null, "navigation_extenders": null, "template": "page__internal.html", "login_required": false, "limit_visibility_in_menu": null, "is_home": false, "application_urls": "", "application_namespace": null, "publisher_is_draft": true, "publisher_public": null, "languages": "en", "xframe_options": 0, "is_page_type": true, "node": 3, "placeholders": [12]}}, {"model": "cms.page", "pk": 4, "fields": {"created_by": "admin", "changed_by": "admin", "creation_date": "2022-12-10T17:14:30.408Z", "changed_date": "2022-12-10T17:18:39.788Z", "publication_date": null, "publication_end_date": null, "in_navigation": true, "soft_root": false, "reverse_id": null, "navigation_extenders": null, "template": "page__landing.html", "login_required": false, "limit_visibility_in_menu": null, "is_home": false, "application_urls": "", "application_namespace": null, "publisher_is_draft": true, "publisher_public": null, "languages": "en", "xframe_options": 0, "is_page_type": true, "node": 4, "placeholders": [13]}}, {"model": "cms.page", "pk": 5, "fields": {"created_by": "admin", "changed_by": "admin", "creation_date": "2022-12-10T17:22:03.758Z", "changed_date": "2022-12-10T17:22:11.449Z", "publication_date": "2022-12-10T17:22:08.886Z", "publication_end_date": null, "in_navigation": false, "soft_root": false, "reverse_id": null, "navigation_extenders": null, "template": "page__landing.html", "login_required": false, "limit_visibility_in_menu": null, "is_home": false, "application_urls": "", "application_namespace": null, "publisher_is_draft": true, "publisher_public": 6, "languages": "en", "xframe_options": 0, "is_page_type": false, "node": 5, "placeholders": [14]}}, {"model": "cms.page", "pk": 6, "fields": {"created_by": "admin", "changed_by": "admin", "creation_date": "2022-12-10T17:22:08.886Z", "changed_date": "2022-12-10T18:31:50.623Z", "publication_date": "2022-12-10T17:22:08.886Z", "publication_end_date": null, "in_navigation": false, "soft_root": false, "reverse_id": null, "navigation_extenders": null, "template": "page__landing.html", "login_required": false, "limit_visibility_in_menu": null, "is_home": false, "application_urls": "", "application_namespace": null, "publisher_is_draft": false, "publisher_public": 5, "languages": "en", "xframe_options": 0, "is_page_type": false, "node": 5, "placeholders": [15]}}, {"model": "cms.placeholder", "pk": 1, "fields": {"slot": "clipboard", "default_width": null}}, {"model": "cms.placeholder", "pk": 2, "fields": {"slot": "content", "default_width": null}}, {"model": "cms.placeholder", "pk": 3, "fields": {"slot": "header", "default_width": null}}, {"model": "cms.placeholder", "pk": 4, "fields": {"slot": "header", "default_width": null}}, {"model": "cms.placeholder", "pk": 5, "fields": {"slot": "footer", "default_width": null}}, {"model": "cms.placeholder", "pk": 6, "fields": {"slot": "footer", "default_width": null}}, {"model": "cms.placeholder", "pk": 7, "fields": {"slot": "sidemenu", "default_width": null}}, {"model": "cms.placeholder", "pk": 8, "fields": {"slot": "sidemenu", "default_width": null}}, {"model": "cms.placeholder", "pk": 9, "fields": {"slot": "breadcrumb", "default_width": null}}, {"model": "cms.placeholder", "pk": 10, "fields": {"slot": "breadcrumb", "default_width": null}}, {"model": "cms.placeholder", "pk": 11, "fields": {"slot": "content", "default_width": null}}, {"model": "cms.placeholder", "pk": 12, "fields": {"slot": "content", "default_width": null}}, {"model": "cms.placeholder", "pk": 13, "fields": {"slot": "content", "default_width": null}}, {"model": "cms.placeholder", "pk": 14, "fields": {"slot": "content", "default_width": null}}, {"model": "cms.placeholder", "pk": 15, "fields": {"slot": "content", "default_width": null}}, {"model": "cms.cmsplugin", "pk": 1, "fields": {"path": "0001", "depth": 1, "numchild": 0, "placeholder": 3, "parent": null, "position": 0, "language": "en", "plugin_type": "USWDSHeaderPlugin", "creation_date": "2022-12-10T14:20:57.978Z", "changed_date": "2022-12-10T14:25:24.407Z"}}, {"model": "cms.cmsplugin", "pk": 2, "fields": {"path": "0002", "depth": 1, "numchild": 0, "placeholder": 2, "parent": null, "position": 0, "language": "en", "plugin_type": "TextPlugin", "creation_date": "2022-12-10T14:20:58.058Z", "changed_date": "2022-12-10T14:20:58.062Z"}}, {"model": "cms.cmsplugin", "pk": 3, "fields": {"path": "0003", "depth": 1, "numchild": 0, "placeholder": 9, "parent": null, "position": 0, "language": "en", "plugin_type": "USWDSBreadcrumbPlugin", "creation_date": "2022-12-10T15:53:23.982Z", "changed_date": "2022-12-10T15:53:23.990Z"}}, {"model": "cms.cmsplugin", "pk": 4, "fields": {"path": "0004", "depth": 1, "numchild": 0, "placeholder": 7, "parent": null, "position": 0, "language": "en", "plugin_type": "USWDSSideMenuPlugin", "creation_date": "2022-12-10T15:53:46.312Z", "changed_date": "2022-12-10T15:53:46.318Z"}}, {"model": "cms.cmsplugin", "pk": 5, "fields": {"path": "0005", "depth": 1, "numchild": 0, "placeholder": 5, "parent": null, "position": 0, "language": "en", "plugin_type": "SiteFooterSocialPlugin", "creation_date": "2022-12-10T17:06:37.621Z", "changed_date": "2022-12-10T17:06:37.623Z"}}, {"model": "cms.cmsplugin", "pk": 7, "fields": {"path": "0006", "depth": 1, "numchild": 0, "placeholder": 4, "parent": null, "position": 0, "language": "en", "plugin_type": "USWDSHeaderPlugin", "creation_date": "2022-12-10T14:20:57.978Z", "changed_date": "2022-12-10T18:31:50.651Z"}}, {"model": "cms.cmsplugin", "pk": 8, "fields": {"path": "0007", "depth": 1, "numchild": 0, "placeholder": 6, "parent": null, "position": 0, "language": "en", "plugin_type": "SiteFooterSocialPlugin", "creation_date": "2022-12-10T18:31:50.777Z", "changed_date": "2022-12-10T18:31:50.779Z"}}, {"model": "cms.title", "pk": 1, "fields": {"language": "en", "title": "Page Types", "page_title": null, "menu_title": null, "meta_description": null, "slug": "page_types", "path": "page_types", "has_url_overwrite": false, "redirect": null, "page": 1, "creation_date": "2022-12-10T13:18:50.387Z", "published": false, "publisher_is_draft": true, "publisher_public": null, "publisher_state": 1}}, {"model": "cms.title", "pk": 2, "fields": {"language": "en", "title": "Document", "page_title": null, "menu_title": null, "meta_description": null, "slug": "document", "path": "page_types/document", "has_url_overwrite": false, "redirect": null, "page": 2, "creation_date": "2022-12-10T13:18:50.405Z", "published": false, "publisher_is_draft": true, "publisher_public": null, "publisher_state": 1}}, {"model": "cms.title", "pk": 3, "fields": {"language": "en", "title": "Basic Page", "page_title": null, "menu_title": null, "meta_description": null, "slug": "basic-page", "path": "page_types/basic-page", "has_url_overwrite": false, "redirect": null, "page": 3, "creation_date": "2022-12-10T17:08:11.788Z", "published": false, "publisher_is_draft": true, "publisher_public": null, "publisher_state": 1}}, {"model": "cms.title", "pk": 4, "fields": {"language": "en", "title": "Landing Page", "page_title": null, "menu_title": null, "meta_description": null, "slug": "landing-page", "path": "page_types/landing-page", "has_url_overwrite": false, "redirect": null, "page": 4, "creation_date": "2022-12-10T17:14:30.409Z", "published": false, "publisher_is_draft": true, "publisher_public": null, "publisher_state": 1}}, {"model": "cms.title", "pk": 5, "fields": {"language": "en", "title": "Home", "page_title": "", "menu_title": "", "meta_description": "This is the home page.", "slug": "home", "path": "home", "has_url_overwrite": false, "redirect": null, "page": 5, "creation_date": "2022-12-10T17:22:03.775Z", "published": true, "publisher_is_draft": true, "publisher_public": 6, "publisher_state": 0}}, {"model": "cms.title", "pk": 6, "fields": {"language": "en", "title": "Home", "page_title": "", "menu_title": "", "meta_description": "This is the home page.", "slug": "home", "path": "home", "has_url_overwrite": false, "redirect": null, "page": 6, "creation_date": "2022-12-10T17:22:03.775Z", "published": true, "publisher_is_draft": false, "publisher_public": 5, "publisher_state": 0}}, {"model": "cms.staticplaceholder", "pk": 1, "fields": {"name": "", "code": "header", "draft": 3, "public": 4, "dirty": false, "creation_method": "template", "site": null}}, {"model": "cms.staticplaceholder", "pk": 2, "fields": {"name": "", "code": "footer", "draft": 5, "public": 6, "dirty": false, "creation_method": "template", "site": null}}, {"model": "cms.staticplaceholder", "pk": 3, "fields": {"name": "", "code": "sidemenu", "draft": 7, "public": 8, "dirty": true, "creation_method": "template", "site": null}}, {"model": "cms.staticplaceholder", "pk": 4, "fields": {"name": "", "code": "breadcrumb", "draft": 9, "public": 10, "dirty": true, "creation_method": "template", "site": null}}, {"model": "cms.urlconfrevision", "pk": 1, "fields": {"revision": "4aae3196-11e1-45e0-854d-06a1589eaeca"}}, {"model": "djangocms_text_ckeditor.text", "pk": 2, "fields": {"body": "<h2>First section...</h2>"}}, {"model": "menus.cachekey", "pk": 4, "fields": {"language": "en", "site": 1, "key": "cms_3.11.0_menu_nodes_en_1_1_user:public"}}, {"model": "menus.cachekey", "pk": 5, "fields": {"language": "en", "site": 1, "key": "cms_3.11.0_menu_nodes_en_1_1_user:draft"}}]