[
  {
    "model": "admin.logentry",
    "pk": 1,
    "fields": {
      "action_time": "2022-11-24T00:01:28.898Z",
      "user": 1,
      "content_type": 10,
      "object_id": "1",
      "object_repr": "uswds-djangocms",
      "action_flag": 2,
      "change_message": "[{\"changed\": {\"fields\": [\"Domain name\", \"Display name\"]}}]"
    }
  },
  {
    "model": "admin.logentry",
    "pk": 2,
    "fields": {
      "action_time": "2022-11-24T00:01:46.009Z",
      "user": 1,
      "content_type": 10,
      "object_id": "1",
      "object_repr": "uswds-djangocms.lndo.site/",
      "action_flag": 2,
      "change_message": "[{\"changed\": {\"fields\": [\"Domain name\"]}}]"
    }
  },
  {
    "model": "admin.logentry",
    "pk": 3,
    "fields": {
      "action_time": "2022-11-24T00:02:02.496Z",
      "user": 1,
      "content_type": 2,
      "object_id": "3",
      "object_repr": "home",
      "action_flag": 2,
      "change_message": ""
    }
  },
  {
    "model": "admin.logentry",
    "pk": 4,
    "fields": {
      "action_time": "2022-11-24T00:03:19.737Z",
      "user": 1,
      "content_type": 2,
      "object_id": "5",
      "object_repr": "About",
      "action_flag": 1,
      "change_message": "[{\"added\": {}}]"
    }
  },
  {
    "model": "admin.logentry",
    "pk": 5,
    "fields": {
      "action_time": "2022-11-24T00:03:23.338Z",
      "user": 1,
      "content_type": 2,
      "object_id": "5",
      "object_repr": "About",
      "action_flag": 2,
      "change_message": "[]"
    }
  },
  {
    "model": "admin.logentry",
    "pk": 6,
    "fields": {
      "action_time": "2022-11-24T00:05:36.586Z",
      "user": 1,
      "content_type": 2,
      "object_id": "8",
      "object_repr": "No FEAR Act data",
      "action_flag": 2,
      "change_message": ""
    }
  },
  {
    "model": "admin.logentry",
    "pk": 7,
    "fields": {
      "action_time": "2022-11-24T00:05:57.794Z",
      "user": 1,
      "content_type": 2,
      "object_id": "7",
      "object_repr": "FOIA requests",
      "action_flag": 2,
      "change_message": ""
    }
  },
  {
    "model": "admin.logentry",
    "pk": 8,
    "fields": {
      "action_time": "2022-11-24T00:06:30.165Z",
      "user": 1,
      "content_type": 2,
      "object_id": "6",
      "object_repr": "Accessibility support",
      "action_flag": 2,
      "change_message": ""
    }
  },
  {
    "model": "admin.logentry",
    "pk": 9,
    "fields": {
      "action_time": "2022-11-24T00:06:33.143Z",
      "user": 1,
      "content_type": 2,
      "object_id": "5",
      "object_repr": "About",
      "action_flag": 2,
      "change_message": ""
    }
  },
  {
    "model": "admin.logentry",
    "pk": 10,
    "fields": {
      "action_time": "2022-11-24T00:06:57.097Z",
      "user": 1,
      "content_type": 2,
      "object_id": "6",
      "object_repr": "Accessibility support",
      "action_flag": 2,
      "change_message": ""
    }
  },
  {
    "model": "admin.logentry",
    "pk": 11,
    "fields": {
      "action_time": "2022-11-24T00:07:09.678Z",
      "user": 1,
      "content_type": 2,
      "object_id": "7",
      "object_repr": "FOIA requests",
      "action_flag": 2,
      "change_message": ""
    }
  },
  {
    "model": "admin.logentry",
    "pk": 12,
    "fields": {
      "action_time": "2022-11-24T00:07:21.729Z",
      "user": 1,
      "content_type": 2,
      "object_id": "8",
      "object_repr": "No FEAR Act data",
      "action_flag": 2,
      "change_message": ""
    }
  },
  {
    "model": "admin.logentry",
    "pk": 13,
    "fields": {
      "action_time": "2022-11-24T00:07:44.868Z",
      "user": 1,
      "content_type": 2,
      "object_id": "13",
      "object_repr": "ffice of the Inspector General",
      "action_flag": 1,
      "change_message": "[{\"added\": {}}]"
    }
  },
  {
    "model": "admin.logentry",
    "pk": 14,
    "fields": {
      "action_time": "2022-11-24T00:08:11.693Z",
      "user": 1,
      "content_type": 2,
      "object_id": "13",
      "object_repr": "Office of the Inspector General",
      "action_flag": 2,
      "change_message": "[{\"changed\": {\"fields\": [\"Title\", \"Slug\"]}}]"
    }
  },
  {
    "model": "admin.logentry",
    "pk": 15,
    "fields": {
      "action_time": "2022-11-24T00:08:17.930Z",
      "user": 1,
      "content_type": 2,
      "object_id": "13",
      "object_repr": "Office of the Inspector General",
      "action_flag": 2,
      "change_message": ""
    }
  },
  {
    "model": "admin.logentry",
    "pk": 16,
    "fields": {
      "action_time": "2022-11-24T00:29:41.356Z",
      "user": 1,
      "content_type": 2,
      "object_id": "15",
      "object_repr": "Performance reports",
      "action_flag": 1,
      "change_message": "[{\"added\": {}}]"
    }
  },
  {
    "model": "admin.logentry",
    "pk": 17,
    "fields": {
      "action_time": "2022-11-24T00:30:15.285Z",
      "user": 1,
      "content_type": 2,
      "object_id": "16",
      "object_repr": "Privacy policy",
      "action_flag": 1,
      "change_message": "[{\"added\": {}}]"
    }
  },
  {
    "model": "admin.logentry",
    "pk": 18,
    "fields": {
      "action_time": "2022-11-24T00:30:31.299Z",
      "user": 1,
      "content_type": 2,
      "object_id": "16",
      "object_repr": "Privacy policy",
      "action_flag": 2,
      "change_message": ""
    }
  },
  {
    "model": "admin.logentry",
    "pk": 19,
    "fields": {
      "action_time": "2022-11-24T00:30:33.544Z",
      "user": 1,
      "content_type": 2,
      "object_id": "15",
      "object_repr": "Performance reports",
      "action_flag": 2,
      "change_message": ""
    }
  },
  {
    "model": "admin.logentry",
    "pk": 20,
    "fields": {
      "action_time": "2022-11-24T00:31:26.691Z",
      "user": 1,
      "content_type": 35,
      "object_id": "1",
      "object_repr": "kVxD63U2_400x400.jpg",
      "action_flag": 2,
      "change_message": "[{\"changed\": {\"fields\": [\"Default alt text\", \"Subject location\"]}}]"
    }
  },
  {
    "model": "admin.logentry",
    "pk": 21,
    "fields": {
      "action_time": "2022-11-25T19:44:30.945Z",
      "user": 1,
      "content_type": 18,
      "object_id": "3",
      "object_repr": "Footer",
      "action_flag": 3,
      "change_message": ""
    }
  },
  {
    "model": "admin.logentry",
    "pk": 22,
    "fields": {
      "action_time": "2022-11-25T19:44:30.951Z",
      "user": 1,
      "content_type": 18,
      "object_id": "2",
      "object_repr": "Footer",
      "action_flag": 3,
      "change_message": ""
    }
  },
  {
    "model": "admin.logentry",
    "pk": 23,
    "fields": {
      "action_time": "2022-11-25T19:46:43.654Z",
      "user": 1,
      "content_type": 2,
      "object_id": "3",
      "object_repr": "home",
      "action_flag": 2,
      "change_message": ""
    }
  },
  {
    "model": "admin.logentry",
    "pk": 24,
    "fields": {
      "action_time": "2022-11-25T20:23:13.551Z",
      "user": 1,
      "content_type": 2,
      "object_id": "3",
      "object_repr": "home",
      "action_flag": 2,
      "change_message": ""
    }
  },
  {
    "model": "auth.permission",
    "pk": 1,
    "fields": {
      "name": "Can use Structure mode",
      "content_type": 1,
      "codename": "use_structure"
    }
  },
  {
    "model": "auth.permission",
    "pk": 2,
    "fields": {
      "name": "Can change page",
      "content_type": 2,
      "codename": "change_page"
    }
  },
  {
    "model": "auth.permission",
    "pk": 3,
    "fields": {
      "name": "Can add log entry",
      "content_type": 3,
      "codename": "add_logentry"
    }
  },
  {
    "model": "auth.permission",
    "pk": 4,
    "fields": {
      "name": "Can change log entry",
      "content_type": 3,
      "codename": "change_logentry"
    }
  },
  {
    "model": "auth.permission",
    "pk": 5,
    "fields": {
      "name": "Can delete log entry",
      "content_type": 3,
      "codename": "delete_logentry"
    }
  },
  {
    "model": "auth.permission",
    "pk": 6,
    "fields": {
      "name": "Can view log entry",
      "content_type": 3,
      "codename": "view_logentry"
    }
  },
  {
    "model": "auth.permission",
    "pk": 7,
    "fields": {
      "name": "Can add permission",
      "content_type": 4,
      "codename": "add_permission"
    }
  },
  {
    "model": "auth.permission",
    "pk": 8,
    "fields": {
      "name": "Can change permission",
      "content_type": 4,
      "codename": "change_permission"
    }
  },
  {
    "model": "auth.permission",
    "pk": 9,
    "fields": {
      "name": "Can delete permission",
      "content_type": 4,
      "codename": "delete_permission"
    }
  },
  {
    "model": "auth.permission",
    "pk": 10,
    "fields": {
      "name": "Can view permission",
      "content_type": 4,
      "codename": "view_permission"
    }
  },
  {
    "model": "auth.permission",
    "pk": 11,
    "fields": {
      "name": "Can add group",
      "content_type": 5,
      "codename": "add_group"
    }
  },
  {
    "model": "auth.permission",
    "pk": 12,
    "fields": {
      "name": "Can change group",
      "content_type": 5,
      "codename": "change_group"
    }
  },
  {
    "model": "auth.permission",
    "pk": 13,
    "fields": {
      "name": "Can delete group",
      "content_type": 5,
      "codename": "delete_group"
    }
  },
  {
    "model": "auth.permission",
    "pk": 14,
    "fields": {
      "name": "Can view group",
      "content_type": 5,
      "codename": "view_group"
    }
  },
  {
    "model": "auth.permission",
    "pk": 15,
    "fields": {
      "name": "Can add user",
      "content_type": 6,
      "codename": "add_user"
    }
  },
  {
    "model": "auth.permission",
    "pk": 16,
    "fields": {
      "name": "Can change user",
      "content_type": 6,
      "codename": "change_user"
    }
  },
  {
    "model": "auth.permission",
    "pk": 17,
    "fields": {
      "name": "Can delete user",
      "content_type": 6,
      "codename": "delete_user"
    }
  },
  {
    "model": "auth.permission",
    "pk": 18,
    "fields": {
      "name": "Can view user",
      "content_type": 6,
      "codename": "view_user"
    }
  },
  {
    "model": "auth.permission",
    "pk": 19,
    "fields": {
      "name": "Can add content type",
      "content_type": 7,
      "codename": "add_contenttype"
    }
  },
  {
    "model": "auth.permission",
    "pk": 20,
    "fields": {
      "name": "Can change content type",
      "content_type": 7,
      "codename": "change_contenttype"
    }
  },
  {
    "model": "auth.permission",
    "pk": 21,
    "fields": {
      "name": "Can delete content type",
      "content_type": 7,
      "codename": "delete_contenttype"
    }
  },
  {
    "model": "auth.permission",
    "pk": 22,
    "fields": {
      "name": "Can view content type",
      "content_type": 7,
      "codename": "view_contenttype"
    }
  },
  {
    "model": "auth.permission",
    "pk": 23,
    "fields": {
      "name": "Can add flat page",
      "content_type": 8,
      "codename": "add_flatpage"
    }
  },
  {
    "model": "auth.permission",
    "pk": 24,
    "fields": {
      "name": "Can change flat page",
      "content_type": 8,
      "codename": "change_flatpage"
    }
  },
  {
    "model": "auth.permission",
    "pk": 25,
    "fields": {
      "name": "Can delete flat page",
      "content_type": 8,
      "codename": "delete_flatpage"
    }
  },
  {
    "model": "auth.permission",
    "pk": 26,
    "fields": {
      "name": "Can view flat page",
      "content_type": 8,
      "codename": "view_flatpage"
    }
  },
  {
    "model": "auth.permission",
    "pk": 27,
    "fields": {
      "name": "Can add session",
      "content_type": 9,
      "codename": "add_session"
    }
  },
  {
    "model": "auth.permission",
    "pk": 28,
    "fields": {
      "name": "Can change session",
      "content_type": 9,
      "codename": "change_session"
    }
  },
  {
    "model": "auth.permission",
    "pk": 29,
    "fields": {
      "name": "Can delete session",
      "content_type": 9,
      "codename": "delete_session"
    }
  },
  {
    "model": "auth.permission",
    "pk": 30,
    "fields": {
      "name": "Can view session",
      "content_type": 9,
      "codename": "view_session"
    }
  },
  {
    "model": "auth.permission",
    "pk": 31,
    "fields": {
      "name": "Can add site",
      "content_type": 10,
      "codename": "add_site"
    }
  },
  {
    "model": "auth.permission",
    "pk": 32,
    "fields": {
      "name": "Can change site",
      "content_type": 10,
      "codename": "change_site"
    }
  },
  {
    "model": "auth.permission",
    "pk": 33,
    "fields": {
      "name": "Can delete site",
      "content_type": 10,
      "codename": "delete_site"
    }
  },
  {
    "model": "auth.permission",
    "pk": 34,
    "fields": {
      "name": "Can view site",
      "content_type": 10,
      "codename": "view_site"
    }
  },
  {
    "model": "auth.permission",
    "pk": 35,
    "fields": {
      "name": "Can add cms plugin",
      "content_type": 11,
      "codename": "add_cmsplugin"
    }
  },
  {
    "model": "auth.permission",
    "pk": 36,
    "fields": {
      "name": "Can change cms plugin",
      "content_type": 11,
      "codename": "change_cmsplugin"
    }
  },
  {
    "model": "auth.permission",
    "pk": 37,
    "fields": {
      "name": "Can delete cms plugin",
      "content_type": 11,
      "codename": "delete_cmsplugin"
    }
  },
  {
    "model": "auth.permission",
    "pk": 38,
    "fields": {
      "name": "Can view cms plugin",
      "content_type": 11,
      "codename": "view_cmsplugin"
    }
  },
  {
    "model": "auth.permission",
    "pk": 39,
    "fields": {
      "name": "Can add alias plugin model",
      "content_type": 12,
      "codename": "add_aliaspluginmodel"
    }
  },
  {
    "model": "auth.permission",
    "pk": 40,
    "fields": {
      "name": "Can change alias plugin model",
      "content_type": 12,
      "codename": "change_aliaspluginmodel"
    }
  },
  {
    "model": "auth.permission",
    "pk": 41,
    "fields": {
      "name": "Can delete alias plugin model",
      "content_type": 12,
      "codename": "delete_aliaspluginmodel"
    }
  },
  {
    "model": "auth.permission",
    "pk": 42,
    "fields": {
      "name": "Can view alias plugin model",
      "content_type": 12,
      "codename": "view_aliaspluginmodel"
    }
  },
  {
    "model": "auth.permission",
    "pk": 43,
    "fields": {
      "name": "Can add Page global permission",
      "content_type": 13,
      "codename": "add_globalpagepermission"
    }
  },
  {
    "model": "auth.permission",
    "pk": 44,
    "fields": {
      "name": "Can change Page global permission",
      "content_type": 13,
      "codename": "change_globalpagepermission"
    }
  },
  {
    "model": "auth.permission",
    "pk": 45,
    "fields": {
      "name": "Can delete Page global permission",
      "content_type": 13,
      "codename": "delete_globalpagepermission"
    }
  },
  {
    "model": "auth.permission",
    "pk": 46,
    "fields": {
      "name": "Can view Page global permission",
      "content_type": 13,
      "codename": "view_globalpagepermission"
    }
  },
  {
    "model": "auth.permission",
    "pk": 47,
    "fields": {
      "name": "Can add page",
      "content_type": 2,
      "codename": "add_page"
    }
  },
  {
    "model": "auth.permission",
    "pk": 48,
    "fields": {
      "name": "Can delete page",
      "content_type": 2,
      "codename": "delete_page"
    }
  },
  {
    "model": "auth.permission",
    "pk": 49,
    "fields": {
      "name": "Can view page",
      "content_type": 2,
      "codename": "view_page"
    }
  },
  {
    "model": "auth.permission",
    "pk": 50,
    "fields": {
      "name": "Can publish page",
      "content_type": 2,
      "codename": "publish_page"
    }
  },
  {
    "model": "auth.permission",
    "pk": 51,
    "fields": {
      "name": "Can edit static placeholders",
      "content_type": 2,
      "codename": "edit_static_placeholder"
    }
  },
  {
    "model": "auth.permission",
    "pk": 52,
    "fields": {
      "name": "Can add Page permission",
      "content_type": 14,
      "codename": "add_pagepermission"
    }
  },
  {
    "model": "auth.permission",
    "pk": 53,
    "fields": {
      "name": "Can change Page permission",
      "content_type": 14,
      "codename": "change_pagepermission"
    }
  },
  {
    "model": "auth.permission",
    "pk": 54,
    "fields": {
      "name": "Can delete Page permission",
      "content_type": 14,
      "codename": "delete_pagepermission"
    }
  },
  {
    "model": "auth.permission",
    "pk": 55,
    "fields": {
      "name": "Can view Page permission",
      "content_type": 14,
      "codename": "view_pagepermission"
    }
  },
  {
    "model": "auth.permission",
    "pk": 56,
    "fields": {
      "name": "Can add User (page)",
      "content_type": 15,
      "codename": "add_pageuser"
    }
  },
  {
    "model": "auth.permission",
    "pk": 57,
    "fields": {
      "name": "Can change User (page)",
      "content_type": 15,
      "codename": "change_pageuser"
    }
  },
  {
    "model": "auth.permission",
    "pk": 58,
    "fields": {
      "name": "Can delete User (page)",
      "content_type": 15,
      "codename": "delete_pageuser"
    }
  },
  {
    "model": "auth.permission",
    "pk": 59,
    "fields": {
      "name": "Can view User (page)",
      "content_type": 15,
      "codename": "view_pageuser"
    }
  },
  {
    "model": "auth.permission",
    "pk": 60,
    "fields": {
      "name": "Can add User group (page)",
      "content_type": 16,
      "codename": "add_pageusergroup"
    }
  },
  {
    "model": "auth.permission",
    "pk": 61,
    "fields": {
      "name": "Can change User group (page)",
      "content_type": 16,
      "codename": "change_pageusergroup"
    }
  },
  {
    "model": "auth.permission",
    "pk": 62,
    "fields": {
      "name": "Can delete User group (page)",
      "content_type": 16,
      "codename": "delete_pageusergroup"
    }
  },
  {
    "model": "auth.permission",
    "pk": 63,
    "fields": {
      "name": "Can view User group (page)",
      "content_type": 16,
      "codename": "view_pageusergroup"
    }
  },
  {
    "model": "auth.permission",
    "pk": 64,
    "fields": {
      "name": "Can add placeholder",
      "content_type": 1,
      "codename": "add_placeholder"
    }
  },
  {
    "model": "auth.permission",
    "pk": 65,
    "fields": {
      "name": "Can change placeholder",
      "content_type": 1,
      "codename": "change_placeholder"
    }
  },
  {
    "model": "auth.permission",
    "pk": 66,
    "fields": {
      "name": "Can delete placeholder",
      "content_type": 1,
      "codename": "delete_placeholder"
    }
  },
  {
    "model": "auth.permission",
    "pk": 67,
    "fields": {
      "name": "Can view placeholder",
      "content_type": 1,
      "codename": "view_placeholder"
    }
  },
  {
    "model": "auth.permission",
    "pk": 68,
    "fields": {
      "name": "Can add placeholder reference",
      "content_type": 17,
      "codename": "add_placeholderreference"
    }
  },
  {
    "model": "auth.permission",
    "pk": 69,
    "fields": {
      "name": "Can change placeholder reference",
      "content_type": 17,
      "codename": "change_placeholderreference"
    }
  },
  {
    "model": "auth.permission",
    "pk": 70,
    "fields": {
      "name": "Can delete placeholder reference",
      "content_type": 17,
      "codename": "delete_placeholderreference"
    }
  },
  {
    "model": "auth.permission",
    "pk": 71,
    "fields": {
      "name": "Can view placeholder reference",
      "content_type": 17,
      "codename": "view_placeholderreference"
    }
  },
  {
    "model": "auth.permission",
    "pk": 72,
    "fields": {
      "name": "Can add static placeholder",
      "content_type": 18,
      "codename": "add_staticplaceholder"
    }
  },
  {
    "model": "auth.permission",
    "pk": 73,
    "fields": {
      "name": "Can change static placeholder",
      "content_type": 18,
      "codename": "change_staticplaceholder"
    }
  },
  {
    "model": "auth.permission",
    "pk": 74,
    "fields": {
      "name": "Can delete static placeholder",
      "content_type": 18,
      "codename": "delete_staticplaceholder"
    }
  },
  {
    "model": "auth.permission",
    "pk": 75,
    "fields": {
      "name": "Can view static placeholder",
      "content_type": 18,
      "codename": "view_staticplaceholder"
    }
  },
  {
    "model": "auth.permission",
    "pk": 76,
    "fields": {
      "name": "Can add title",
      "content_type": 19,
      "codename": "add_title"
    }
  },
  {
    "model": "auth.permission",
    "pk": 77,
    "fields": {
      "name": "Can change title",
      "content_type": 19,
      "codename": "change_title"
    }
  },
  {
    "model": "auth.permission",
    "pk": 78,
    "fields": {
      "name": "Can delete title",
      "content_type": 19,
      "codename": "delete_title"
    }
  },
  {
    "model": "auth.permission",
    "pk": 79,
    "fields": {
      "name": "Can view title",
      "content_type": 19,
      "codename": "view_title"
    }
  },
  {
    "model": "auth.permission",
    "pk": 80,
    "fields": {
      "name": "Can add user setting",
      "content_type": 20,
      "codename": "add_usersettings"
    }
  },
  {
    "model": "auth.permission",
    "pk": 81,
    "fields": {
      "name": "Can change user setting",
      "content_type": 20,
      "codename": "change_usersettings"
    }
  },
  {
    "model": "auth.permission",
    "pk": 82,
    "fields": {
      "name": "Can delete user setting",
      "content_type": 20,
      "codename": "delete_usersettings"
    }
  },
  {
    "model": "auth.permission",
    "pk": 83,
    "fields": {
      "name": "Can view user setting",
      "content_type": 20,
      "codename": "view_usersettings"
    }
  },
  {
    "model": "auth.permission",
    "pk": 84,
    "fields": {
      "name": "Can add urlconf revision",
      "content_type": 21,
      "codename": "add_urlconfrevision"
    }
  },
  {
    "model": "auth.permission",
    "pk": 85,
    "fields": {
      "name": "Can change urlconf revision",
      "content_type": 21,
      "codename": "change_urlconfrevision"
    }
  },
  {
    "model": "auth.permission",
    "pk": 86,
    "fields": {
      "name": "Can delete urlconf revision",
      "content_type": 21,
      "codename": "delete_urlconfrevision"
    }
  },
  {
    "model": "auth.permission",
    "pk": 87,
    "fields": {
      "name": "Can view urlconf revision",
      "content_type": 21,
      "codename": "view_urlconfrevision"
    }
  },
  {
    "model": "auth.permission",
    "pk": 88,
    "fields": {
      "name": "Can add UI item",
      "content_type": 24,
      "codename": "add_frontenduiitem"
    }
  },
  {
    "model": "auth.permission",
    "pk": 89,
    "fields": {
      "name": "Can change UI item",
      "content_type": 24,
      "codename": "change_frontenduiitem"
    }
  },
  {
    "model": "auth.permission",
    "pk": 90,
    "fields": {
      "name": "Can delete UI item",
      "content_type": 24,
      "codename": "delete_frontenduiitem"
    }
  },
  {
    "model": "auth.permission",
    "pk": 91,
    "fields": {
      "name": "Can view UI item",
      "content_type": 24,
      "codename": "view_frontenduiitem"
    }
  },
  {
    "model": "auth.permission",
    "pk": 92,
    "fields": {
      "name": "Can add icon",
      "content_type": 25,
      "codename": "add_icon"
    }
  },
  {
    "model": "auth.permission",
    "pk": 93,
    "fields": {
      "name": "Can change icon",
      "content_type": 25,
      "codename": "change_icon"
    }
  },
  {
    "model": "auth.permission",
    "pk": 94,
    "fields": {
      "name": "Can delete icon",
      "content_type": 25,
      "codename": "delete_icon"
    }
  },
  {
    "model": "auth.permission",
    "pk": 95,
    "fields": {
      "name": "Can view icon",
      "content_type": 25,
      "codename": "view_icon"
    }
  },
  {
    "model": "auth.permission",
    "pk": 96,
    "fields": {
      "name": "Can add text",
      "content_type": 26,
      "codename": "add_text"
    }
  },
  {
    "model": "auth.permission",
    "pk": 97,
    "fields": {
      "name": "Can change text",
      "content_type": 26,
      "codename": "change_text"
    }
  },
  {
    "model": "auth.permission",
    "pk": 98,
    "fields": {
      "name": "Can delete text",
      "content_type": 26,
      "codename": "delete_text"
    }
  },
  {
    "model": "auth.permission",
    "pk": 99,
    "fields": {
      "name": "Can view text",
      "content_type": 26,
      "codename": "view_text"
    }
  },
  {
    "model": "auth.permission",
    "pk": 100,
    "fields": {
      "name": "Can add source",
      "content_type": 27,
      "codename": "add_source"
    }
  },
  {
    "model": "auth.permission",
    "pk": 101,
    "fields": {
      "name": "Can change source",
      "content_type": 27,
      "codename": "change_source"
    }
  },
  {
    "model": "auth.permission",
    "pk": 102,
    "fields": {
      "name": "Can delete source",
      "content_type": 27,
      "codename": "delete_source"
    }
  },
  {
    "model": "auth.permission",
    "pk": 103,
    "fields": {
      "name": "Can view source",
      "content_type": 27,
      "codename": "view_source"
    }
  },
  {
    "model": "auth.permission",
    "pk": 104,
    "fields": {
      "name": "Can add thumbnail",
      "content_type": 28,
      "codename": "add_thumbnail"
    }
  },
  {
    "model": "auth.permission",
    "pk": 105,
    "fields": {
      "name": "Can change thumbnail",
      "content_type": 28,
      "codename": "change_thumbnail"
    }
  },
  {
    "model": "auth.permission",
    "pk": 106,
    "fields": {
      "name": "Can delete thumbnail",
      "content_type": 28,
      "codename": "delete_thumbnail"
    }
  },
  {
    "model": "auth.permission",
    "pk": 107,
    "fields": {
      "name": "Can view thumbnail",
      "content_type": 28,
      "codename": "view_thumbnail"
    }
  },
  {
    "model": "auth.permission",
    "pk": 108,
    "fields": {
      "name": "Can add thumbnail dimensions",
      "content_type": 29,
      "codename": "add_thumbnaildimensions"
    }
  },
  {
    "model": "auth.permission",
    "pk": 109,
    "fields": {
      "name": "Can change thumbnail dimensions",
      "content_type": 29,
      "codename": "change_thumbnaildimensions"
    }
  },
  {
    "model": "auth.permission",
    "pk": 110,
    "fields": {
      "name": "Can delete thumbnail dimensions",
      "content_type": 29,
      "codename": "delete_thumbnaildimensions"
    }
  },
  {
    "model": "auth.permission",
    "pk": 111,
    "fields": {
      "name": "Can view thumbnail dimensions",
      "content_type": 29,
      "codename": "view_thumbnaildimensions"
    }
  },
  {
    "model": "auth.permission",
    "pk": 112,
    "fields": {
      "name": "Can add clipboard",
      "content_type": 30,
      "codename": "add_clipboard"
    }
  },
  {
    "model": "auth.permission",
    "pk": 113,
    "fields": {
      "name": "Can change clipboard",
      "content_type": 30,
      "codename": "change_clipboard"
    }
  },
  {
    "model": "auth.permission",
    "pk": 114,
    "fields": {
      "name": "Can delete clipboard",
      "content_type": 30,
      "codename": "delete_clipboard"
    }
  },
  {
    "model": "auth.permission",
    "pk": 115,
    "fields": {
      "name": "Can view clipboard",
      "content_type": 30,
      "codename": "view_clipboard"
    }
  },
  {
    "model": "auth.permission",
    "pk": 116,
    "fields": {
      "name": "Can add clipboard item",
      "content_type": 31,
      "codename": "add_clipboarditem"
    }
  },
  {
    "model": "auth.permission",
    "pk": 117,
    "fields": {
      "name": "Can change clipboard item",
      "content_type": 31,
      "codename": "change_clipboarditem"
    }
  },
  {
    "model": "auth.permission",
    "pk": 118,
    "fields": {
      "name": "Can delete clipboard item",
      "content_type": 31,
      "codename": "delete_clipboarditem"
    }
  },
  {
    "model": "auth.permission",
    "pk": 119,
    "fields": {
      "name": "Can view clipboard item",
      "content_type": 31,
      "codename": "view_clipboarditem"
    }
  },
  {
    "model": "auth.permission",
    "pk": 120,
    "fields": {
      "name": "Can add file",
      "content_type": 32,
      "codename": "add_file"
    }
  },
  {
    "model": "auth.permission",
    "pk": 121,
    "fields": {
      "name": "Can change file",
      "content_type": 32,
      "codename": "change_file"
    }
  },
  {
    "model": "auth.permission",
    "pk": 122,
    "fields": {
      "name": "Can delete file",
      "content_type": 32,
      "codename": "delete_file"
    }
  },
  {
    "model": "auth.permission",
    "pk": 123,
    "fields": {
      "name": "Can view file",
      "content_type": 32,
      "codename": "view_file"
    }
  },
  {
    "model": "auth.permission",
    "pk": 124,
    "fields": {
      "name": "Can add Folder",
      "content_type": 33,
      "codename": "add_folder"
    }
  },
  {
    "model": "auth.permission",
    "pk": 125,
    "fields": {
      "name": "Can change Folder",
      "content_type": 33,
      "codename": "change_folder"
    }
  },
  {
    "model": "auth.permission",
    "pk": 126,
    "fields": {
      "name": "Can delete Folder",
      "content_type": 33,
      "codename": "delete_folder"
    }
  },
  {
    "model": "auth.permission",
    "pk": 127,
    "fields": {
      "name": "Can view Folder",
      "content_type": 33,
      "codename": "view_folder"
    }
  },
  {
    "model": "auth.permission",
    "pk": 128,
    "fields": {
      "name": "Can use directory listing",
      "content_type": 33,
      "codename": "can_use_directory_listing"
    }
  },
  {
    "model": "auth.permission",
    "pk": 129,
    "fields": {
      "name": "Can add folder permission",
      "content_type": 34,
      "codename": "add_folderpermission"
    }
  },
  {
    "model": "auth.permission",
    "pk": 130,
    "fields": {
      "name": "Can change folder permission",
      "content_type": 34,
      "codename": "change_folderpermission"
    }
  },
  {
    "model": "auth.permission",
    "pk": 131,
    "fields": {
      "name": "Can delete folder permission",
      "content_type": 34,
      "codename": "delete_folderpermission"
    }
  },
  {
    "model": "auth.permission",
    "pk": 132,
    "fields": {
      "name": "Can view folder permission",
      "content_type": 34,
      "codename": "view_folderpermission"
    }
  },
  {
    "model": "auth.permission",
    "pk": 133,
    "fields": {
      "name": "Can add image",
      "content_type": 35,
      "codename": "add_image"
    }
  },
  {
    "model": "auth.permission",
    "pk": 134,
    "fields": {
      "name": "Can change image",
      "content_type": 35,
      "codename": "change_image"
    }
  },
  {
    "model": "auth.permission",
    "pk": 135,
    "fields": {
      "name": "Can delete image",
      "content_type": 35,
      "codename": "delete_image"
    }
  },
  {
    "model": "auth.permission",
    "pk": 136,
    "fields": {
      "name": "Can view image",
      "content_type": 35,
      "codename": "view_image"
    }
  },
  {
    "model": "auth.permission",
    "pk": 137,
    "fields": {
      "name": "Can add thumbnail option",
      "content_type": 36,
      "codename": "add_thumbnailoption"
    }
  },
  {
    "model": "auth.permission",
    "pk": 138,
    "fields": {
      "name": "Can change thumbnail option",
      "content_type": 36,
      "codename": "change_thumbnailoption"
    }
  },
  {
    "model": "auth.permission",
    "pk": 139,
    "fields": {
      "name": "Can delete thumbnail option",
      "content_type": 36,
      "codename": "delete_thumbnailoption"
    }
  },
  {
    "model": "auth.permission",
    "pk": 140,
    "fields": {
      "name": "Can view thumbnail option",
      "content_type": 36,
      "codename": "view_thumbnailoption"
    }
  },
  {
    "model": "auth.permission",
    "pk": 141,
    "fields": {
      "name": "Can add cache key",
      "content_type": 37,
      "codename": "add_cachekey"
    }
  },
  {
    "model": "auth.permission",
    "pk": 142,
    "fields": {
      "name": "Can change cache key",
      "content_type": 37,
      "codename": "change_cachekey"
    }
  },
  {
    "model": "auth.permission",
    "pk": 143,
    "fields": {
      "name": "Can delete cache key",
      "content_type": 37,
      "codename": "delete_cachekey"
    }
  },
  {
    "model": "auth.permission",
    "pk": 144,
    "fields": {
      "name": "Can view cache key",
      "content_type": 37,
      "codename": "view_cachekey"
    }
  },
  {
    "model": "auth.permission",
    "pk": 145,
    "fields": {
      "name": "Can add site footer social model",
      "content_type": 38,
      "codename": "add_sitefootersocialmodel"
    }
  },
  {
    "model": "auth.permission",
    "pk": 146,
    "fields": {
      "name": "Can change site footer social model",
      "content_type": 38,
      "codename": "change_sitefootersocialmodel"
    }
  },
  {
    "model": "auth.permission",
    "pk": 147,
    "fields": {
      "name": "Can delete site footer social model",
      "content_type": 38,
      "codename": "delete_sitefootersocialmodel"
    }
  },
  {
    "model": "auth.permission",
    "pk": 148,
    "fields": {
      "name": "Can view site footer social model",
      "content_type": 38,
      "codename": "view_sitefootersocialmodel"
    }
  },
  {
    "model": "auth.permission",
    "pk": 149,
    "fields": {
      "name": "Can add site link",
      "content_type": 39,
      "codename": "add_sitelink"
    }
  },
  {
    "model": "auth.permission",
    "pk": 150,
    "fields": {
      "name": "Can change site link",
      "content_type": 39,
      "codename": "change_sitelink"
    }
  },
  {
    "model": "auth.permission",
    "pk": 151,
    "fields": {
      "name": "Can delete site link",
      "content_type": 39,
      "codename": "delete_sitelink"
    }
  },
  {
    "model": "auth.permission",
    "pk": 152,
    "fields": {
      "name": "Can view site link",
      "content_type": 39,
      "codename": "view_sitelink"
    }
  },
  {
    "model": "auth.permission",
    "pk": 153,
    "fields": {
      "name": "Can add site footer agency model",
      "content_type": 40,
      "codename": "add_sitefooteragencymodel"
    }
  },
  {
    "model": "auth.permission",
    "pk": 154,
    "fields": {
      "name": "Can change site footer agency model",
      "content_type": 40,
      "codename": "change_sitefooteragencymodel"
    }
  },
  {
    "model": "auth.permission",
    "pk": 155,
    "fields": {
      "name": "Can delete site footer agency model",
      "content_type": 40,
      "codename": "delete_sitefooteragencymodel"
    }
  },
  {
    "model": "auth.permission",
    "pk": 156,
    "fields": {
      "name": "Can view site footer agency model",
      "content_type": 40,
      "codename": "view_sitefooteragencymodel"
    }
  },
  {
    "model": "auth.permission",
    "pk": 157,
    "fields": {
      "name": "Can add site footer link ribbon model",
      "content_type": 41,
      "codename": "add_sitefooterlinkribbonmodel"
    }
  },
  {
    "model": "auth.permission",
    "pk": 158,
    "fields": {
      "name": "Can change site footer link ribbon model",
      "content_type": 41,
      "codename": "change_sitefooterlinkribbonmodel"
    }
  },
  {
    "model": "auth.permission",
    "pk": 159,
    "fields": {
      "name": "Can delete site footer link ribbon model",
      "content_type": 41,
      "codename": "delete_sitefooterlinkribbonmodel"
    }
  },
  {
    "model": "auth.permission",
    "pk": 160,
    "fields": {
      "name": "Can view site footer link ribbon model",
      "content_type": 41,
      "codename": "view_sitefooterlinkribbonmodel"
    }
  },
  {
    "model": "auth.permission",
    "pk": 161,
    "fields": {
      "name": "Can add site footer agency menu links",
      "content_type": 42,
      "codename": "add_sitefooteragencymenulinks"
    }
  },
  {
    "model": "auth.permission",
    "pk": 162,
    "fields": {
      "name": "Can change site footer agency menu links",
      "content_type": 42,
      "codename": "change_sitefooteragencymenulinks"
    }
  },
  {
    "model": "auth.permission",
    "pk": 163,
    "fields": {
      "name": "Can delete site footer agency menu links",
      "content_type": 42,
      "codename": "delete_sitefooteragencymenulinks"
    }
  },
  {
    "model": "auth.permission",
    "pk": 164,
    "fields": {
      "name": "Can view site footer agency menu links",
      "content_type": 42,
      "codename": "view_sitefooteragencymenulinks"
    }
  },
  {
    "model": "auth.user",
    "pk": 1,
    "fields": {
      "password": "pbkdf2_sha256$260000$QKAwXdeJwhEqR4dr1sUZsa$6KPgvG3UpMst7UJGPthc3R16aWZOd8Gl4LtZDv845Mg=",
      "last_login": "2022-11-25T19:43:53.753Z",
      "is_superuser": true,
      "username": "admin",
      "first_name": "",
      "last_name": "",
      "email": "admin@admin.com",
      "is_staff": true,
      "is_active": true,
      "date_joined": "2022-11-23T22:27:48.978Z",
      "groups": [],
      "user_permissions": []
    }
  },
  {
    "model": "contenttypes.contenttype",
    "pk": 1,
    "fields": {
      "app_label": "cms",
      "model": "placeholder"
    }
  },
  {
    "model": "contenttypes.contenttype",
    "pk": 2,
    "fields": {
      "app_label": "cms",
      "model": "page"
    }
  },
  {
    "model": "contenttypes.contenttype",
    "pk": 3,
    "fields": {
      "app_label": "admin",
      "model": "logentry"
    }
  },
  {
    "model": "contenttypes.contenttype",
    "pk": 4,
    "fields": {
      "app_label": "auth",
      "model": "permission"
    }
  },
  {
    "model": "contenttypes.contenttype",
    "pk": 5,
    "fields": {
      "app_label": "auth",
      "model": "group"
    }
  },
  {
    "model": "contenttypes.contenttype",
    "pk": 6,
    "fields": {
      "app_label": "auth",
      "model": "user"
    }
  },
  {
    "model": "contenttypes.contenttype",
    "pk": 7,
    "fields": {
      "app_label": "contenttypes",
      "model": "contenttype"
    }
  },
  {
    "model": "contenttypes.contenttype",
    "pk": 8,
    "fields": {
      "app_label": "flatpages",
      "model": "flatpage"
    }
  },
  {
    "model": "contenttypes.contenttype",
    "pk": 9,
    "fields": {
      "app_label": "sessions",
      "model": "session"
    }
  },
  {
    "model": "contenttypes.contenttype",
    "pk": 10,
    "fields": {
      "app_label": "sites",
      "model": "site"
    }
  },
  {
    "model": "contenttypes.contenttype",
    "pk": 11,
    "fields": {
      "app_label": "cms",
      "model": "cmsplugin"
    }
  },
  {
    "model": "contenttypes.contenttype",
    "pk": 12,
    "fields": {
      "app_label": "cms",
      "model": "aliaspluginmodel"
    }
  },
  {
    "model": "contenttypes.contenttype",
    "pk": 13,
    "fields": {
      "app_label": "cms",
      "model": "globalpagepermission"
    }
  },
  {
    "model": "contenttypes.contenttype",
    "pk": 14,
    "fields": {
      "app_label": "cms",
      "model": "pagepermission"
    }
  },
  {
    "model": "contenttypes.contenttype",
    "pk": 15,
    "fields": {
      "app_label": "cms",
      "model": "pageuser"
    }
  },
  {
    "model": "contenttypes.contenttype",
    "pk": 16,
    "fields": {
      "app_label": "cms",
      "model": "pageusergroup"
    }
  },
  {
    "model": "contenttypes.contenttype",
    "pk": 17,
    "fields": {
      "app_label": "cms",
      "model": "placeholderreference"
    }
  },
  {
    "model": "contenttypes.contenttype",
    "pk": 18,
    "fields": {
      "app_label": "cms",
      "model": "staticplaceholder"
    }
  },
  {
    "model": "contenttypes.contenttype",
    "pk": 19,
    "fields": {
      "app_label": "cms",
      "model": "title"
    }
  },
  {
    "model": "contenttypes.contenttype",
    "pk": 20,
    "fields": {
      "app_label": "cms",
      "model": "usersettings"
    }
  },
  {
    "model": "contenttypes.contenttype",
    "pk": 21,
    "fields": {
      "app_label": "cms",
      "model": "urlconfrevision"
    }
  },
  {
    "model": "contenttypes.contenttype",
    "pk": 22,
    "fields": {
      "app_label": "cms",
      "model": "pagetype"
    }
  },
  {
    "model": "contenttypes.contenttype",
    "pk": 23,
    "fields": {
      "app_label": "cms",
      "model": "treenode"
    }
  },
  {
    "model": "contenttypes.contenttype",
    "pk": 24,
    "fields": {
      "app_label": "djangocms_frontend",
      "model": "frontenduiitem"
    }
  },
  {
    "model": "contenttypes.contenttype",
    "pk": 25,
    "fields": {
      "app_label": "djangocms_icon",
      "model": "icon"
    }
  },
  {
    "model": "contenttypes.contenttype",
    "pk": 26,
    "fields": {
      "app_label": "djangocms_text_ckeditor",
      "model": "text"
    }
  },
  {
    "model": "contenttypes.contenttype",
    "pk": 27,
    "fields": {
      "app_label": "easy_thumbnails",
      "model": "source"
    }
  },
  {
    "model": "contenttypes.contenttype",
    "pk": 28,
    "fields": {
      "app_label": "easy_thumbnails",
      "model": "thumbnail"
    }
  },
  {
    "model": "contenttypes.contenttype",
    "pk": 29,
    "fields": {
      "app_label": "easy_thumbnails",
      "model": "thumbnaildimensions"
    }
  },
  {
    "model": "contenttypes.contenttype",
    "pk": 30,
    "fields": {
      "app_label": "filer",
      "model": "clipboard"
    }
  },
  {
    "model": "contenttypes.contenttype",
    "pk": 31,
    "fields": {
      "app_label": "filer",
      "model": "clipboarditem"
    }
  },
  {
    "model": "contenttypes.contenttype",
    "pk": 32,
    "fields": {
      "app_label": "filer",
      "model": "file"
    }
  },
  {
    "model": "contenttypes.contenttype",
    "pk": 33,
    "fields": {
      "app_label": "filer",
      "model": "folder"
    }
  },
  {
    "model": "contenttypes.contenttype",
    "pk": 34,
    "fields": {
      "app_label": "filer",
      "model": "folderpermission"
    }
  },
  {
    "model": "contenttypes.contenttype",
    "pk": 35,
    "fields": {
      "app_label": "filer",
      "model": "image"
    }
  },
  {
    "model": "contenttypes.contenttype",
    "pk": 36,
    "fields": {
      "app_label": "filer",
      "model": "thumbnailoption"
    }
  },
  {
    "model": "contenttypes.contenttype",
    "pk": 37,
    "fields": {
      "app_label": "menus",
      "model": "cachekey"
    }
  },
  {
    "model": "contenttypes.contenttype",
    "pk": 38,
    "fields": {
      "app_label": "uswds",
      "model": "sitefootersocialmodel"
    }
  },
  {
    "model": "contenttypes.contenttype",
    "pk": 39,
    "fields": {
      "app_label": "uswds",
      "model": "sitelink"
    }
  },
  {
    "model": "contenttypes.contenttype",
    "pk": 40,
    "fields": {
      "app_label": "uswds",
      "model": "sitefooteragencymodel"
    }
  },
  {
    "model": "contenttypes.contenttype",
    "pk": 41,
    "fields": {
      "app_label": "uswds",
      "model": "sitefooterlinkribbonmodel"
    }
  },
  {
    "model": "contenttypes.contenttype",
    "pk": 42,
    "fields": {
      "app_label": "uswds",
      "model": "sitefooteragencymenulinks"
    }
  },
  {
    "model": "sessions.session",
    "pk": "61lvupjfs2m03vtu73uhp7qxe17g8qc2",
    "fields": {
      "session_data": ".eJxVj0tuwzAMRO-idWFYhvXzsvueQaBEKlbLWoEkJ4uid6-DepFs35sZkD_Cw95XvzeqPqNYhBRvzyxA_KLtIfATtksZYtl6zWF4RIbTtuGjIPH7mX0ZWKGtR3u2ToU4gzEKA0myEPU0GgUuJkWjlRpmqaxCk7Sb1aQNRu1GmmxITiIdo_G7ecLcxZKAG_2DXgoHqB5zg8CEL_Ja6ZbpLpZe9wOlzMdBDK37VBjPj7ed-fcPT9ZaPg:1oyfE9:fyTFVE3xg8lReIop7UKsyvHevWm6ESmgax8s4qqlKiE",
      "expire_date": "2022-11-26T00:23:13.779Z"
    }
  },
  {
    "model": "sessions.session",
    "pk": "w61lu69j82ododr3595l2co76ah43jit",
    "fields": {
      "session_data": ".eJxVkNFuwyAMRf-F5ypKohAgj3vfNyCDzcLGQgWknVb135s0qNqe7OtzfWX5xjSsZdZrpqQ9sol17PR3ZsB-0bID_ITlIzY2LiV50-yWptLcvEek8Fa9_wJmyPO2PUjFjR1ACI6GOpJgx74VHJR1nFrZjTB0XHIUblQD70eBdlQt9dI41SFtofY76xJjMJA0-gwm0HaXg5DpgIS-sKmktepzooun68tz9b-QUNdiE0EhfThuLBc6s2lZQzg9e41QYAP3Kp0PlA9NPyXBi2-DnSUdIBftYsD6yj3r_gBysnsp:1oy0DD:JveGkGWhXqhlPHH9rpXHJ_Rt64BAxOLE_gn6_RPLdVs",
      "expire_date": "2022-11-24T04:35:31.465Z"
    }
  },
  {
    "model": "sites.site",
    "pk": 1,
    "fields": {
      "domain": "uswds-djangocms.lndo.site/",
      "name": "uswds-djangocms"
    }
  },
  {
    "model": "cms.usersettings",
    "pk": 1,
    "fields": {
      "user": 1,
      "language": "en",
      "clipboard": 1
    }
  },
  {
    "model": "cms.treenode",
    "pk": 3,
    "fields": {
      "path": "0001",
      "depth": 1,
      "numchild": 0,
      "parent": null,
      "site": 1
    }
  },
  {
    "model": "cms.treenode",
    "pk": 4,
    "fields": {
      "path": "0002",
      "depth": 1,
      "numchild": 0,
      "parent": null,
      "site": 1
    }
  },
  {
    "model": "cms.treenode",
    "pk": 5,
    "fields": {
      "path": "0003",
      "depth": 1,
      "numchild": 0,
      "parent": null,
      "site": 1
    }
  },
  {
    "model": "cms.treenode",
    "pk": 6,
    "fields": {
      "path": "0004",
      "depth": 1,
      "numchild": 0,
      "parent": null,
      "site": 1
    }
  },
  {
    "model": "cms.treenode",
    "pk": 7,
    "fields": {
      "path": "0005",
      "depth": 1,
      "numchild": 0,
      "parent": null,
      "site": 1
    }
  },
  {
    "model": "cms.treenode",
    "pk": 8,
    "fields": {
      "path": "0006",
      "depth": 1,
      "numchild": 0,
      "parent": null,
      "site": 1
    }
  },
  {
    "model": "cms.treenode",
    "pk": 9,
    "fields": {
      "path": "0007",
      "depth": 1,
      "numchild": 0,
      "parent": null,
      "site": 1
    }
  },
  {
    "model": "cms.treenode",
    "pk": 10,
    "fields": {
      "path": "0008",
      "depth": 1,
      "numchild": 0,
      "parent": null,
      "site": 1
    }
  },
  {
    "model": "cms.page",
    "pk": 3,
    "fields": {
      "created_by": "admin",
      "changed_by": "admin",
      "creation_date": "2022-11-23T22:30:09.500Z",
      "changed_date": "2022-11-24T00:01:57.358Z",
      "publication_date": "2022-11-23T22:30:09.512Z",
      "publication_end_date": null,
      "in_navigation": false,
      "soft_root": false,
      "reverse_id": null,
      "navigation_extenders": null,
      "template": "INHERIT",
      "login_required": false,
      "limit_visibility_in_menu": null,
      "is_home": true,
      "application_urls": null,
      "application_namespace": null,
      "publisher_is_draft": true,
      "publisher_public": 4,
      "languages": "en",
      "xframe_options": 0,
      "is_page_type": false,
      "node": 3,
      "placeholders": [
        2
      ]
    }
  },
  {
    "model": "cms.page",
    "pk": 4,
    "fields": {
      "created_by": "admin",
      "changed_by": "admin",
      "creation_date": "2022-11-23T22:30:09.512Z",
      "changed_date": "2022-11-25T20:23:13.473Z",
      "publication_date": "2022-11-23T22:30:09.512Z",
      "publication_end_date": null,
      "in_navigation": false,
      "soft_root": false,
      "reverse_id": null,
      "navigation_extenders": null,
      "template": "INHERIT",
      "login_required": false,
      "limit_visibility_in_menu": null,
      "is_home": true,
      "application_urls": null,
      "application_namespace": null,
      "publisher_is_draft": false,
      "publisher_public": 3,
      "languages": "en",
      "xframe_options": 0,
      "is_page_type": false,
      "node": 3,
      "placeholders": [
        3
      ]
    }
  },
  {
    "model": "cms.page",
    "pk": 5,
    "fields": {
      "created_by": "admin",
      "changed_by": "admin",
      "creation_date": "2022-11-24T00:03:19.721Z",
      "changed_date": "2022-11-24T00:03:23.335Z",
      "publication_date": "2022-11-24T00:06:33.128Z",
      "publication_end_date": null,
      "in_navigation": true,
      "soft_root": false,
      "reverse_id": null,
      "navigation_extenders": null,
      "template": "INHERIT",
      "login_required": false,
      "limit_visibility_in_menu": null,
      "is_home": false,
      "application_urls": null,
      "application_namespace": null,
      "publisher_is_draft": true,
      "publisher_public": 12,
      "languages": "en",
      "xframe_options": 0,
      "is_page_type": false,
      "node": 4,
      "placeholders": [
        6
      ]
    }
  },
  {
    "model": "cms.page",
    "pk": 6,
    "fields": {
      "created_by": "admin",
      "changed_by": "admin",
      "creation_date": "2022-11-24T00:04:55.209Z",
      "changed_date": "2022-11-24T00:06:43.456Z",
      "publication_date": "2022-11-24T00:06:30.151Z",
      "publication_end_date": null,
      "in_navigation": false,
      "soft_root": false,
      "reverse_id": null,
      "navigation_extenders": null,
      "template": "INHERIT",
      "login_required": false,
      "limit_visibility_in_menu": null,
      "is_home": false,
      "application_urls": null,
      "application_namespace": null,
      "publisher_is_draft": true,
      "publisher_public": 11,
      "languages": "en",
      "xframe_options": 0,
      "is_page_type": false,
      "node": 5,
      "placeholders": [
        7
      ]
    }
  },
  {
    "model": "cms.page",
    "pk": 7,
    "fields": {
      "created_by": "admin",
      "changed_by": "admin",
      "creation_date": "2022-11-24T00:05:14.462Z",
      "changed_date": "2022-11-24T00:07:06.122Z",
      "publication_date": "2022-11-24T00:05:57.780Z",
      "publication_end_date": null,
      "in_navigation": false,
      "soft_root": false,
      "reverse_id": null,
      "navigation_extenders": null,
      "template": "INHERIT",
      "login_required": false,
      "limit_visibility_in_menu": null,
      "is_home": false,
      "application_urls": null,
      "application_namespace": null,
      "publisher_is_draft": true,
      "publisher_public": 10,
      "languages": "en",
      "xframe_options": 0,
      "is_page_type": false,
      "node": 6,
      "placeholders": [
        8
      ]
    }
  },
  {
    "model": "cms.page",
    "pk": 8,
    "fields": {
      "created_by": "admin",
      "changed_by": "admin",
      "creation_date": "2022-11-24T00:05:31.176Z",
      "changed_date": "2022-11-24T00:07:11.662Z",
      "publication_date": "2022-11-24T00:05:36.569Z",
      "publication_end_date": null,
      "in_navigation": false,
      "soft_root": false,
      "reverse_id": null,
      "navigation_extenders": null,
      "template": "INHERIT",
      "login_required": false,
      "limit_visibility_in_menu": null,
      "is_home": false,
      "application_urls": null,
      "application_namespace": null,
      "publisher_is_draft": true,
      "publisher_public": 9,
      "languages": "en",
      "xframe_options": 0,
      "is_page_type": false,
      "node": 7,
      "placeholders": [
        9
      ]
    }
  },
  {
    "model": "cms.page",
    "pk": 9,
    "fields": {
      "created_by": "admin",
      "changed_by": "admin",
      "creation_date": "2022-11-24T00:05:36.569Z",
      "changed_date": "2022-11-24T00:07:21.716Z",
      "publication_date": "2022-11-24T00:05:36.569Z",
      "publication_end_date": null,
      "in_navigation": false,
      "soft_root": false,
      "reverse_id": null,
      "navigation_extenders": null,
      "template": "INHERIT",
      "login_required": false,
      "limit_visibility_in_menu": null,
      "is_home": false,
      "application_urls": null,
      "application_namespace": null,
      "publisher_is_draft": false,
      "publisher_public": 8,
      "languages": "en",
      "xframe_options": 0,
      "is_page_type": false,
      "node": 7,
      "placeholders": [
        10
      ]
    }
  },
  {
    "model": "cms.page",
    "pk": 10,
    "fields": {
      "created_by": "admin",
      "changed_by": "admin",
      "creation_date": "2022-11-24T00:05:57.780Z",
      "changed_date": "2022-11-24T00:07:09.666Z",
      "publication_date": "2022-11-24T00:05:57.780Z",
      "publication_end_date": null,
      "in_navigation": false,
      "soft_root": false,
      "reverse_id": null,
      "navigation_extenders": null,
      "template": "INHERIT",
      "login_required": false,
      "limit_visibility_in_menu": null,
      "is_home": false,
      "application_urls": null,
      "application_namespace": null,
      "publisher_is_draft": false,
      "publisher_public": 7,
      "languages": "en",
      "xframe_options": 0,
      "is_page_type": false,
      "node": 6,
      "placeholders": [
        11
      ]
    }
  },
  {
    "model": "cms.page",
    "pk": 11,
    "fields": {
      "created_by": "admin",
      "changed_by": "admin",
      "creation_date": "2022-11-24T00:06:30.151Z",
      "changed_date": "2022-11-24T00:06:57.085Z",
      "publication_date": "2022-11-24T00:06:30.151Z",
      "publication_end_date": null,
      "in_navigation": false,
      "soft_root": false,
      "reverse_id": null,
      "navigation_extenders": null,
      "template": "INHERIT",
      "login_required": false,
      "limit_visibility_in_menu": null,
      "is_home": false,
      "application_urls": null,
      "application_namespace": null,
      "publisher_is_draft": false,
      "publisher_public": 6,
      "languages": "en",
      "xframe_options": 0,
      "is_page_type": false,
      "node": 5,
      "placeholders": [
        12
      ]
    }
  },
  {
    "model": "cms.page",
    "pk": 12,
    "fields": {
      "created_by": "admin",
      "changed_by": "admin",
      "creation_date": "2022-11-24T00:06:33.128Z",
      "changed_date": "2022-11-24T00:06:33.128Z",
      "publication_date": "2022-11-24T00:06:33.128Z",
      "publication_end_date": null,
      "in_navigation": true,
      "soft_root": false,
      "reverse_id": null,
      "navigation_extenders": null,
      "template": "INHERIT",
      "login_required": false,
      "limit_visibility_in_menu": null,
      "is_home": false,
      "application_urls": null,
      "application_namespace": null,
      "publisher_is_draft": false,
      "publisher_public": 5,
      "languages": "en",
      "xframe_options": 0,
      "is_page_type": false,
      "node": 4,
      "placeholders": [
        13
      ]
    }
  },
  {
    "model": "cms.page",
    "pk": 13,
    "fields": {
      "created_by": "admin",
      "changed_by": "admin",
      "creation_date": "2022-11-24T00:07:44.854Z",
      "changed_date": "2022-11-24T00:08:15.014Z",
      "publication_date": "2022-11-24T00:08:17.916Z",
      "publication_end_date": null,
      "in_navigation": false,
      "soft_root": false,
      "reverse_id": null,
      "navigation_extenders": null,
      "template": "INHERIT",
      "login_required": false,
      "limit_visibility_in_menu": null,
      "is_home": false,
      "application_urls": null,
      "application_namespace": null,
      "publisher_is_draft": true,
      "publisher_public": 14,
      "languages": "en",
      "xframe_options": 0,
      "is_page_type": false,
      "node": 8,
      "placeholders": [
        14
      ]
    }
  },
  {
    "model": "cms.page",
    "pk": 14,
    "fields": {
      "created_by": "admin",
      "changed_by": "admin",
      "creation_date": "2022-11-24T00:08:17.916Z",
      "changed_date": "2022-11-24T00:08:17.916Z",
      "publication_date": "2022-11-24T00:08:17.916Z",
      "publication_end_date": null,
      "in_navigation": false,
      "soft_root": false,
      "reverse_id": null,
      "navigation_extenders": null,
      "template": "INHERIT",
      "login_required": false,
      "limit_visibility_in_menu": null,
      "is_home": false,
      "application_urls": null,
      "application_namespace": null,
      "publisher_is_draft": false,
      "publisher_public": 13,
      "languages": "en",
      "xframe_options": 0,
      "is_page_type": false,
      "node": 8,
      "placeholders": [
        15
      ]
    }
  },
  {
    "model": "cms.page",
    "pk": 15,
    "fields": {
      "created_by": "admin",
      "changed_by": "admin",
      "creation_date": "2022-11-24T00:29:41.343Z",
      "changed_date": "2022-11-24T00:30:19.171Z",
      "publication_date": "2022-11-24T00:30:33.530Z",
      "publication_end_date": null,
      "in_navigation": false,
      "soft_root": false,
      "reverse_id": null,
      "navigation_extenders": null,
      "template": "INHERIT",
      "login_required": false,
      "limit_visibility_in_menu": null,
      "is_home": false,
      "application_urls": null,
      "application_namespace": null,
      "publisher_is_draft": true,
      "publisher_public": 18,
      "languages": "en",
      "xframe_options": 0,
      "is_page_type": false,
      "node": 9,
      "placeholders": [
        16
      ]
    }
  },
  {
    "model": "cms.page",
    "pk": 16,
    "fields": {
      "created_by": "admin",
      "changed_by": "admin",
      "creation_date": "2022-11-24T00:30:15.271Z",
      "changed_date": "2022-11-24T00:30:21.035Z",
      "publication_date": "2022-11-24T00:30:31.282Z",
      "publication_end_date": null,
      "in_navigation": false,
      "soft_root": false,
      "reverse_id": null,
      "navigation_extenders": null,
      "template": "INHERIT",
      "login_required": false,
      "limit_visibility_in_menu": null,
      "is_home": false,
      "application_urls": null,
      "application_namespace": null,
      "publisher_is_draft": true,
      "publisher_public": 17,
      "languages": "en",
      "xframe_options": 0,
      "is_page_type": false,
      "node": 10,
      "placeholders": [
        17
      ]
    }
  },
  {
    "model": "cms.page",
    "pk": 17,
    "fields": {
      "created_by": "admin",
      "changed_by": "admin",
      "creation_date": "2022-11-24T00:30:31.282Z",
      "changed_date": "2022-11-24T00:30:31.282Z",
      "publication_date": "2022-11-24T00:30:31.282Z",
      "publication_end_date": null,
      "in_navigation": false,
      "soft_root": false,
      "reverse_id": null,
      "navigation_extenders": null,
      "template": "INHERIT",
      "login_required": false,
      "limit_visibility_in_menu": null,
      "is_home": false,
      "application_urls": null,
      "application_namespace": null,
      "publisher_is_draft": false,
      "publisher_public": 16,
      "languages": "en",
      "xframe_options": 0,
      "is_page_type": false,
      "node": 10,
      "placeholders": [
        18
      ]
    }
  },
  {
    "model": "cms.page",
    "pk": 18,
    "fields": {
      "created_by": "admin",
      "changed_by": "admin",
      "creation_date": "2022-11-24T00:30:33.530Z",
      "changed_date": "2022-11-24T00:30:33.530Z",
      "publication_date": "2022-11-24T00:30:33.530Z",
      "publication_end_date": null,
      "in_navigation": false,
      "soft_root": false,
      "reverse_id": null,
      "navigation_extenders": null,
      "template": "INHERIT",
      "login_required": false,
      "limit_visibility_in_menu": null,
      "is_home": false,
      "application_urls": null,
      "application_namespace": null,
      "publisher_is_draft": false,
      "publisher_public": 15,
      "languages": "en",
      "xframe_options": 0,
      "is_page_type": false,
      "node": 9,
      "placeholders": [
        19
      ]
    }
  },
  {
    "model": "cms.placeholder",
    "pk": 1,
    "fields": {
      "slot": "clipboard",
      "default_width": null
    }
  },
  {
    "model": "cms.placeholder",
    "pk": 2,
    "fields": {
      "slot": "content",
      "default_width": null
    }
  },
  {
    "model": "cms.placeholder",
    "pk": 3,
    "fields": {
      "slot": "content",
      "default_width": null
    }
  },
  {
    "model": "cms.placeholder",
    "pk": 4,
    "fields": {
      "slot": "footer",
      "default_width": null
    }
  },
  {
    "model": "cms.placeholder",
    "pk": 5,
    "fields": {
      "slot": "footer",
      "default_width": null
    }
  },
  {
    "model": "cms.placeholder",
    "pk": 6,
    "fields": {
      "slot": "content",
      "default_width": null
    }
  },
  {
    "model": "cms.placeholder",
    "pk": 7,
    "fields": {
      "slot": "content",
      "default_width": null
    }
  },
  {
    "model": "cms.placeholder",
    "pk": 8,
    "fields": {
      "slot": "content",
      "default_width": null
    }
  },
  {
    "model": "cms.placeholder",
    "pk": 9,
    "fields": {
      "slot": "content",
      "default_width": null
    }
  },
  {
    "model": "cms.placeholder",
    "pk": 10,
    "fields": {
      "slot": "content",
      "default_width": null
    }
  },
  {
    "model": "cms.placeholder",
    "pk": 11,
    "fields": {
      "slot": "content",
      "default_width": null
    }
  },
  {
    "model": "cms.placeholder",
    "pk": 12,
    "fields": {
      "slot": "content",
      "default_width": null
    }
  },
  {
    "model": "cms.placeholder",
    "pk": 13,
    "fields": {
      "slot": "content",
      "default_width": null
    }
  },
  {
    "model": "cms.placeholder",
    "pk": 14,
    "fields": {
      "slot": "content",
      "default_width": null
    }
  },
  {
    "model": "cms.placeholder",
    "pk": 15,
    "fields": {
      "slot": "content",
      "default_width": null
    }
  },
  {
    "model": "cms.placeholder",
    "pk": 16,
    "fields": {
      "slot": "content",
      "default_width": null
    }
  },
  {
    "model": "cms.placeholder",
    "pk": 17,
    "fields": {
      "slot": "content",
      "default_width": null
    }
  },
  {
    "model": "cms.placeholder",
    "pk": 18,
    "fields": {
      "slot": "content",
      "default_width": null
    }
  },
  {
    "model": "cms.placeholder",
    "pk": 19,
    "fields": {
      "slot": "content",
      "default_width": null
    }
  },
  {
    "model": "cms.placeholder",
    "pk": 20,
    "fields": {
      "slot": "Footer",
      "default_width": null
    }
  },
  {
    "model": "cms.placeholder",
    "pk": 21,
    "fields": {
      "slot": "Footer",
      "default_width": null
    }
  },
  {
    "model": "cms.placeholder",
    "pk": 22,
    "fields": {
      "slot": "Footer",
      "default_width": null
    }
  },
  {
    "model": "cms.placeholder",
    "pk": 23,
    "fields": {
      "slot": "Footer",
      "default_width": null
    }
  },
  {
    "model": "cms.cmsplugin",
    "pk": 1,
    "fields": {
      "path": "0001",
      "depth": 1,
      "numchild": 0,
      "placeholder": 2,
      "parent": null,
      "position": 0,
      "language": "en",
      "plugin_type": "TextPlugin",
      "creation_date": "2022-11-23T22:30:09.537Z",
      "changed_date": "2022-11-23T22:30:09.539Z"
    }
  },
  {
    "model": "cms.cmsplugin",
    "pk": 3,
    "fields": {
      "path": "0003",
      "depth": 1,
      "numchild": 0,
      "placeholder": 4,
      "parent": null,
      "position": 0,
      "language": "en",
      "plugin_type": "SiteFooterAgencyPlugin",
      "creation_date": "2022-11-24T00:35:31.130Z",
      "changed_date": "2022-11-24T00:35:31.146Z"
    }
  },
  {
    "model": "cms.cmsplugin",
    "pk": 4,
    "fields": {
      "path": "0004",
      "depth": 1,
      "numchild": 0,
      "placeholder": 4,
      "parent": null,
      "position": 1,
      "language": "en",
      "plugin_type": "SiteFooterAgencyPlugin",
      "creation_date": "2022-11-25T19:46:21.921Z",
      "changed_date": "2022-11-25T20:18:47.673Z"
    }
  },
  {
    "model": "cms.cmsplugin",
    "pk": 8,
    "fields": {
      "path": "0008",
      "depth": 1,
      "numchild": 0,
      "placeholder": 3,
      "parent": null,
      "position": 0,
      "language": "en",
      "plugin_type": "TextPlugin",
      "creation_date": "2022-11-23T22:30:09.537Z",
      "changed_date": "2022-11-25T20:23:13.504Z"
    }
  },
  {
    "model": "cms.cmsplugin",
    "pk": 9,
    "fields": {
      "path": "0009",
      "depth": 1,
      "numchild": 0,
      "placeholder": 5,
      "parent": null,
      "position": 0,
      "language": "en",
      "plugin_type": "SiteFooterAgencyPlugin",
      "creation_date": "2022-11-25T20:23:13.532Z",
      "changed_date": "2022-11-25T20:23:13.533Z"
    }
  },
  {
    "model": "cms.cmsplugin",
    "pk": 10,
    "fields": {
      "path": "000A",
      "depth": 1,
      "numchild": 0,
      "placeholder": 5,
      "parent": null,
      "position": 1,
      "language": "en",
      "plugin_type": "SiteFooterAgencyPlugin",
      "creation_date": "2022-11-25T19:46:21.921Z",
      "changed_date": "2022-11-25T20:23:13.537Z"
    }
  },
  {
    "model": "cms.title",
    "pk": 3,
    "fields": {
      "language": "en",
      "title": "home",
      "page_title": null,
      "menu_title": null,
      "meta_description": null,
      "slug": "home",
      "path": "",
      "has_url_overwrite": false,
      "redirect": null,
      "page": 3,
      "creation_date": "2022-11-23T22:30:09.501Z",
      "published": true,
      "publisher_is_draft": true,
      "publisher_public": 4,
      "publisher_state": 0
    }
  },
  {
    "model": "cms.title",
    "pk": 4,
    "fields": {
      "language": "en",
      "title": "home",
      "page_title": null,
      "menu_title": null,
      "meta_description": null,
      "slug": "home",
      "path": "",
      "has_url_overwrite": false,
      "redirect": null,
      "page": 4,
      "creation_date": "2022-11-23T22:30:09.501Z",
      "published": true,
      "publisher_is_draft": false,
      "publisher_public": 3,
      "publisher_state": 0
    }
  },
  {
    "model": "cms.title",
    "pk": 5,
    "fields": {
      "language": "en",
      "title": "About",
      "page_title": "",
      "menu_title": "",
      "meta_description": "The about page for the website.",
      "slug": "about",
      "path": "about",
      "has_url_overwrite": false,
      "redirect": null,
      "page": 5,
      "creation_date": "2022-11-24T00:03:19.722Z",
      "published": true,
      "publisher_is_draft": true,
      "publisher_public": 12,
      "publisher_state": 0
    }
  },
  {
    "model": "cms.title",
    "pk": 6,
    "fields": {
      "language": "en",
      "title": "Accessibility support",
      "page_title": null,
      "menu_title": null,
      "meta_description": null,
      "slug": "accessibility-support",
      "path": "accessibility-support",
      "has_url_overwrite": false,
      "redirect": null,
      "page": 6,
      "creation_date": "2022-11-24T00:04:55.210Z",
      "published": true,
      "publisher_is_draft": true,
      "publisher_public": 11,
      "publisher_state": 0
    }
  },
  {
    "model": "cms.title",
    "pk": 7,
    "fields": {
      "language": "en",
      "title": "FOIA requests",
      "page_title": null,
      "menu_title": null,
      "meta_description": null,
      "slug": "foia-requests",
      "path": "foia-requests",
      "has_url_overwrite": false,
      "redirect": null,
      "page": 7,
      "creation_date": "2022-11-24T00:05:14.464Z",
      "published": true,
      "publisher_is_draft": true,
      "publisher_public": 10,
      "publisher_state": 0
    }
  },
  {
    "model": "cms.title",
    "pk": 8,
    "fields": {
      "language": "en",
      "title": "No FEAR Act data",
      "page_title": null,
      "menu_title": null,
      "meta_description": null,
      "slug": "no-fear-act-data",
      "path": "no-fear-act-data",
      "has_url_overwrite": false,
      "redirect": null,
      "page": 8,
      "creation_date": "2022-11-24T00:05:31.177Z",
      "published": true,
      "publisher_is_draft": true,
      "publisher_public": 9,
      "publisher_state": 0
    }
  },
  {
    "model": "cms.title",
    "pk": 9,
    "fields": {
      "language": "en",
      "title": "No FEAR Act data",
      "page_title": null,
      "menu_title": null,
      "meta_description": null,
      "slug": "no-fear-act-data",
      "path": "no-fear-act-data",
      "has_url_overwrite": false,
      "redirect": null,
      "page": 9,
      "creation_date": "2022-11-24T00:05:31.177Z",
      "published": true,
      "publisher_is_draft": false,
      "publisher_public": 8,
      "publisher_state": 0
    }
  },
  {
    "model": "cms.title",
    "pk": 10,
    "fields": {
      "language": "en",
      "title": "FOIA requests",
      "page_title": null,
      "menu_title": null,
      "meta_description": null,
      "slug": "foia-requests",
      "path": "foia-requests",
      "has_url_overwrite": false,
      "redirect": null,
      "page": 10,
      "creation_date": "2022-11-24T00:05:14.464Z",
      "published": true,
      "publisher_is_draft": false,
      "publisher_public": 7,
      "publisher_state": 0
    }
  },
  {
    "model": "cms.title",
    "pk": 11,
    "fields": {
      "language": "en",
      "title": "Accessibility support",
      "page_title": null,
      "menu_title": null,
      "meta_description": null,
      "slug": "accessibility-support",
      "path": "accessibility-support",
      "has_url_overwrite": false,
      "redirect": null,
      "page": 11,
      "creation_date": "2022-11-24T00:04:55.210Z",
      "published": true,
      "publisher_is_draft": false,
      "publisher_public": 6,
      "publisher_state": 0
    }
  },
  {
    "model": "cms.title",
    "pk": 12,
    "fields": {
      "language": "en",
      "title": "About",
      "page_title": "",
      "menu_title": "",
      "meta_description": "The about page for the website.",
      "slug": "about",
      "path": "about",
      "has_url_overwrite": false,
      "redirect": null,
      "page": 12,
      "creation_date": "2022-11-24T00:03:19.722Z",
      "published": true,
      "publisher_is_draft": false,
      "publisher_public": 5,
      "publisher_state": 0
    }
  },
  {
    "model": "cms.title",
    "pk": 13,
    "fields": {
      "language": "en",
      "title": "Office of the Inspector General",
      "page_title": "",
      "menu_title": "",
      "meta_description": "",
      "slug": "office-of-the-inspector-general",
      "path": "office-of-the-inspector-general",
      "has_url_overwrite": false,
      "redirect": null,
      "page": 13,
      "creation_date": "2022-11-24T00:07:44.856Z",
      "published": true,
      "publisher_is_draft": true,
      "publisher_public": 14,
      "publisher_state": 0
    }
  },
  {
    "model": "cms.title",
    "pk": 14,
    "fields": {
      "language": "en",
      "title": "Office of the Inspector General",
      "page_title": "",
      "menu_title": "",
      "meta_description": "",
      "slug": "office-of-the-inspector-general",
      "path": "office-of-the-inspector-general",
      "has_url_overwrite": false,
      "redirect": null,
      "page": 14,
      "creation_date": "2022-11-24T00:07:44.856Z",
      "published": true,
      "publisher_is_draft": false,
      "publisher_public": 13,
      "publisher_state": 0
    }
  },
  {
    "model": "cms.title",
    "pk": 15,
    "fields": {
      "language": "en",
      "title": "Performance reports",
      "page_title": "",
      "menu_title": "",
      "meta_description": "",
      "slug": "performance-reports",
      "path": "performance-reports",
      "has_url_overwrite": false,
      "redirect": null,
      "page": 15,
      "creation_date": "2022-11-24T00:29:41.345Z",
      "published": true,
      "publisher_is_draft": true,
      "publisher_public": 18,
      "publisher_state": 0
    }
  },
  {
    "model": "cms.title",
    "pk": 16,
    "fields": {
      "language": "en",
      "title": "Privacy policy",
      "page_title": "",
      "menu_title": "",
      "meta_description": "",
      "slug": "privacy-policy",
      "path": "privacy-policy",
      "has_url_overwrite": false,
      "redirect": null,
      "page": 16,
      "creation_date": "2022-11-24T00:30:15.273Z",
      "published": true,
      "publisher_is_draft": true,
      "publisher_public": 17,
      "publisher_state": 0
    }
  },
  {
    "model": "cms.title",
    "pk": 17,
    "fields": {
      "language": "en",
      "title": "Privacy policy",
      "page_title": "",
      "menu_title": "",
      "meta_description": "",
      "slug": "privacy-policy",
      "path": "privacy-policy",
      "has_url_overwrite": false,
      "redirect": null,
      "page": 17,
      "creation_date": "2022-11-24T00:30:15.273Z",
      "published": true,
      "publisher_is_draft": false,
      "publisher_public": 16,
      "publisher_state": 0
    }
  },
  {
    "model": "cms.title",
    "pk": 18,
    "fields": {
      "language": "en",
      "title": "Performance reports",
      "page_title": "",
      "menu_title": "",
      "meta_description": "",
      "slug": "performance-reports",
      "path": "performance-reports",
      "has_url_overwrite": false,
      "redirect": null,
      "page": 18,
      "creation_date": "2022-11-24T00:29:41.345Z",
      "published": true,
      "publisher_is_draft": false,
      "publisher_public": 15,
      "publisher_state": 0
    }
  },
  {
    "model": "cms.staticplaceholder",
    "pk": 1,
    "fields": {
      "name": "",
      "code": "footer",
      "draft": 4,
      "public": 5,
      "dirty": false,
      "creation_method": "template",
      "site": null
    }
  },
  {
    "model": "cms.urlconfrevision",
    "pk": 1,
    "fields": {
      "revision": "d0326f27-9093-446a-8ad3-6b92eccc66c0"
    }
  },
  {
    "model": "djangocms_text_ckeditor.text",
    "pk": 1,
    "fields": {
      "body": "<p>Homepage content</p>"
    }
  },
  {
    "model": "djangocms_text_ckeditor.text",
    "pk": 8,
    "fields": {
      "body": "<p>Homepage content</p>"
    }
  },
  {
    "model": "easy_thumbnails.source",
    "pk": 1,
    "fields": {
      "storage_hash": "f9bde26a1556cd667f742bd34ec7c55e",
      "name": "filer_public/d7/ce/d7ce17ab-fa69-4f36-a411-64c75fb36d5a/kvxd63u2_400x400.jpg",
      "modified": "2022-11-24T00:35:31.429Z"
    }
  },
  {
    "model": "easy_thumbnails.thumbnail",
    "pk": 1,
    "fields": {
      "storage_hash": "f9bde26a1556cd667f742bd34ec7c55e",
      "name": "filer_public_thumbnails/filer_public/d7/ce/d7ce17ab-fa69-4f36-a411-64c75fb36d5a/kvxd63u2_400x400.jpg__180x180_q85_crop_subsampling-2_upscale.jpg",
      "modified": "2022-11-24T00:31:05.328Z",
      "source": 1
    }
  },
  {
    "model": "easy_thumbnails.thumbnail",
    "pk": 2,
    "fields": {
      "storage_hash": "f9bde26a1556cd667f742bd34ec7c55e",
      "name": "filer_public_thumbnails/filer_public/d7/ce/d7ce17ab-fa69-4f36-a411-64c75fb36d5a/kvxd63u2_400x400.jpg__80x80_q85_crop_subsampling-2.jpg",
      "modified": "2022-11-24T00:31:05.389Z",
      "source": 1
    }
  },
  {
    "model": "easy_thumbnails.thumbnail",
    "pk": 3,
    "fields": {
      "storage_hash": "f9bde26a1556cd667f742bd34ec7c55e",
      "name": "filer_public_thumbnails/filer_public/d7/ce/d7ce17ab-fa69-4f36-a411-64c75fb36d5a/kvxd63u2_400x400.jpg__160x160_q85_crop_subsampling-2.jpg",
      "modified": "2022-11-24T00:31:05.397Z",
      "source": 1
    }
  },
  {
    "model": "easy_thumbnails.thumbnail",
    "pk": 4,
    "fields": {
      "storage_hash": "f9bde26a1556cd667f742bd34ec7c55e",
      "name": "filer_public_thumbnails/filer_public/d7/ce/d7ce17ab-fa69-4f36-a411-64c75fb36d5a/kvxd63u2_400x400.jpg__40x40_q85_crop_subsampling-2.jpg",
      "modified": "2022-11-24T00:31:05.408Z",
      "source": 1
    }
  },
  {
    "model": "easy_thumbnails.thumbnail",
    "pk": 5,
    "fields": {
      "storage_hash": "f9bde26a1556cd667f742bd34ec7c55e",
      "name": "filer_public_thumbnails/filer_public/d7/ce/d7ce17ab-fa69-4f36-a411-64c75fb36d5a/kvxd63u2_400x400.jpg__210x210_q85_subsampling-2_upscale.jpg",
      "modified": "2022-11-24T00:31:16.569Z",
      "source": 1
    }
  },
  {
    "model": "easy_thumbnails.thumbnail",
    "pk": 6,
    "fields": {
      "storage_hash": "f9bde26a1556cd667f742bd34ec7c55e",
      "name": "filer_public_thumbnails/filer_public/d7/ce/d7ce17ab-fa69-4f36-a411-64c75fb36d5a/kvxd63u2_400x400.jpg__420x420_q85_subsampling-2_upscale.jpg",
      "modified": "2022-11-24T00:31:16.584Z",
      "source": 1
    }
  },
  {
    "model": "easy_thumbnails.thumbnail",
    "pk": 7,
    "fields": {
      "storage_hash": "f9bde26a1556cd667f742bd34ec7c55e",
      "name": "filer_public_thumbnails/filer_public/d7/ce/d7ce17ab-fa69-4f36-a411-64c75fb36d5a/kvxd63u2_400x400.jpg__250x250_q85_crop_subsampling-2.jpg",
      "modified": "2022-11-24T00:35:31.435Z",
      "source": 1
    }
  },
  {
    "model": "filer.file",
    "pk": 1,
    "fields": {
      "polymorphic_ctype": 35,
      "folder": null,
      "file": "filer_public/d7/ce/d7ce17ab-fa69-4f36-a411-64c75fb36d5a/kvxd63u2_400x400.jpg",
      "_file_size": 9972,
      "sha1": "96f9687a8a588d594d97395ffd9356c1c3545886",
      "has_all_mandatory_data": false,
      "original_filename": "kVxD63U2_400x400.jpg",
      "name": "",
      "description": "",
      "owner": 1,
      "uploaded_at": "2022-11-24T00:31:05.301Z",
      "modified_at": "2022-11-24T00:31:26.690Z",
      "is_public": true,
      "mime_type": "image/jpeg"
    }
  },
  {
    "model": "filer.clipboard",
    "pk": 1,
    "fields": {
      "user": 1
    }
  },
  {
    "model": "filer.image",
    "pk": 1,
    "fields": {
      "_height": 400.0,
      "_width": 400.0,
      "default_alt_text": "Logo USWDS",
      "default_caption": null,
      "subject_location": "200,200",
      "date_taken": "2022-11-24T00:31:05.295Z",
      "author": null,
      "must_always_publish_author_credit": false,
      "must_always_publish_copyright": false
    }
  },
  {
    "model": "uswds.sitefooteragencymodel",
    "pk": 4,
    "fields": {
      "agency_logo": 1,
      "agency_domain": "uswds-djangocms.lndo.site",
      "agency_name": "uswds-djangocms",
      "agency_url": "http://uswds-djangocms.lndo.site/",
      "services_description": "Looking for U.S. government information and services?",
      "services_link_title": "Visit USA.gov",
      "services_link_url": "https://www.usa.gov/"
    }
  },
  {
    "model": "uswds.sitefooteragencymodel",
    "pk": 10,
    "fields": {
      "agency_logo": 1,
      "agency_domain": "uswds-djangocms.lndo.site",
      "agency_name": "uswds-djangocms",
      "agency_url": "http://uswds-djangocms.lndo.site/",
      "services_description": "Looking for U.S. government information and services?",
      "services_link_title": "Visit USA.gov",
      "services_link_url": "https://www.usa.gov/"
    }
  },
  {
    "model": "uswds.sitefooteragencymenulinks",
    "pk": 1,
    "fields": {
      "link_title": "About",
      "internal": 5,
      "is_external": false,
      "external_url": null,
      "order": 1,
      "footer_agency_menu_link": 4
    }
  },
  {
    "model": "uswds.sitefooteragencymenulinks",
    "pk": 2,
    "fields": {
      "link_title": "About",
      "internal": 5,
      "is_external": false,
      "external_url": null,
      "order": 0,
      "footer_agency_menu_link": null
    }
  },
  {
    "model": "uswds.sitefooteragencymenulinks",
    "pk": 3,
    "fields": {
      "link_title": "Accessibility Support",
      "internal": 6,
      "is_external": false,
      "external_url": null,
      "order": 2,
      "footer_agency_menu_link": 4
    }
  },
  {
    "model": "uswds.sitefooteragencymenulinks",
    "pk": 4,
    "fields": {
      "link_title": "FOIA requests",
      "internal": 7,
      "is_external": false,
      "external_url": null,
      "order": 3,
      "footer_agency_menu_link": 4
    }
  },
  {
    "model": "uswds.sitefooteragencymenulinks",
    "pk": 5,
    "fields": {
      "link_title": "No FEAR Act data",
      "internal": 8,
      "is_external": false,
      "external_url": null,
      "order": 4,
      "footer_agency_menu_link": 4
    }
  },
  {
    "model": "uswds.sitefooteragencymenulinks",
    "pk": 6,
    "fields": {
      "link_title": "Office of the Inspector General",
      "internal": 13,
      "is_external": false,
      "external_url": null,
      "order": 5,
      "footer_agency_menu_link": 4
    }
  },
  {
    "model": "uswds.sitefooteragencymenulinks",
    "pk": 7,
    "fields": {
      "link_title": "Performance Reports",
      "internal": 15,
      "is_external": false,
      "external_url": null,
      "order": 6,
      "footer_agency_menu_link": 4
    }
  },
  {
    "model": "uswds.sitefooteragencymenulinks",
    "pk": 8,
    "fields": {
      "link_title": "Privacy policy",
      "internal": 16,
      "is_external": false,
      "external_url": null,
      "order": 7,
      "footer_agency_menu_link": 4
    }
  },
  {
    "model": "uswds.sitefooteragencymenulinks",
    "pk": 9,
    "fields": {
      "link_title": "About",
      "internal": 5,
      "is_external": false,
      "external_url": null,
      "order": 1,
      "footer_agency_menu_link": 10
    }
  },
  {
    "model": "uswds.sitefooteragencymenulinks",
    "pk": 10,
    "fields": {
      "link_title": "Accessibility Support",
      "internal": 6,
      "is_external": false,
      "external_url": null,
      "order": 2,
      "footer_agency_menu_link": 10
    }
  },
  {
    "model": "uswds.sitefooteragencymenulinks",
    "pk": 11,
    "fields": {
      "link_title": "FOIA requests",
      "internal": 7,
      "is_external": false,
      "external_url": null,
      "order": 3,
      "footer_agency_menu_link": 10
    }
  },
  {
    "model": "uswds.sitefooteragencymenulinks",
    "pk": 12,
    "fields": {
      "link_title": "No FEAR Act data",
      "internal": 8,
      "is_external": false,
      "external_url": null,
      "order": 4,
      "footer_agency_menu_link": 10
    }
  },
  {
    "model": "uswds.sitefooteragencymenulinks",
    "pk": 13,
    "fields": {
      "link_title": "Office of the Inspector General",
      "internal": 13,
      "is_external": false,
      "external_url": null,
      "order": 5,
      "footer_agency_menu_link": 10
    }
  },
  {
    "model": "uswds.sitefooteragencymenulinks",
    "pk": 14,
    "fields": {
      "link_title": "Performance Reports",
      "internal": 15,
      "is_external": false,
      "external_url": null,
      "order": 6,
      "footer_agency_menu_link": 10
    }
  },
  {
    "model": "uswds.sitefooteragencymenulinks",
    "pk": 15,
    "fields": {
      "link_title": "Privacy policy",
      "internal": 16,
      "is_external": false,
      "external_url": null,
      "order": 7,
      "footer_agency_menu_link": 10
    }
  }
]